# Blender 4.4.3
# www.blender.org
o Plane
v -0.632654 -0.399587 1.357422
v 0.638569 -0.399587 1.357422
v -0.453318 -0.399587 -1.213064
v 0.453318 -0.399587 -1.213064
v -0.705365 -0.443986 0.050552
v 0.706594 -0.443986 0.050552
v -0.975473 -0.099080 1.896319
v 0.976134 -0.099080 1.896319
v -0.787589 -0.099152 -1.781740
v 0.787589 -0.099152 -1.781740
v -1.505482 -0.098811 0.022888
v 1.505482 -0.098811 0.022889
v -0.349687 -0.022643 2.437521
v 0.351541 -0.022643 2.437521
v -0.212346 -0.399587 1.645532
v 0.229013 -0.399587 1.645532
v -0.260072 0.287465 3.627545
v 0.258194 0.287465 3.627545
v -0.266360 0.170121 5.658635
v 0.264483 0.170121 5.658635
v -0.299909 0.036210 7.941960
v 0.298031 0.036210 7.941960
v -0.341594 -0.006489 9.708947
v 0.339717 -0.006489 9.708947
v -0.345309 -0.011667 10.509062
v 0.343431 -0.011667 10.509062
v -0.284073 -0.011667 10.979691
v 0.282195 -0.011667 10.979691
v -0.188755 -0.011667 11.245477
v 0.186877 -0.011667 11.245477
v -0.080382 -0.017500 11.399423
v 0.078504 -0.017500 11.399424
v -0.645312 -0.464802 1.373105
v 0.651227 -0.464802 1.373105
v -0.462690 -0.464955 -1.227690
v 0.462690 -0.464955 -1.227690
v -0.720589 -0.509234 0.050836
v 0.721818 -0.509234 0.050836
v -0.986491 -0.140968 1.910547
v 0.987152 -0.140968 1.910547
v -0.796761 -0.141298 -1.794882
v 0.796761 -0.141298 -1.794882
v -1.524240 -0.139886 0.023000
v 1.524240 -0.139886 0.023000
v -0.350988 -0.071117 2.458123
v 0.352843 -0.071117 2.458123
v -0.215099 -0.465480 1.665642
v 0.231766 -0.465480 1.665642
v -0.260072 0.241986 3.634752
v 0.258194 0.241986 3.634752
v -0.266360 0.123639 5.656865
v 0.264483 0.123639 5.656866
v -0.299909 -0.010410 7.940161
v 0.298031 -0.010410 7.940161
v -0.341594 -0.053150 9.708425
v 0.339717 -0.053150 9.708425
v -0.345309 -0.058333 10.509000
v 0.343431 -0.058333 10.509000
v -0.284073 -0.058333 10.979691
v 0.282195 -0.058333 10.979691
v -0.188755 -0.058333 11.245477
v 0.186877 -0.058333 11.245477
v -0.080382 -0.052500 11.399423
v 0.078504 -0.052500 11.399423
v -0.693328 -0.443035 0.468011
v -0.666498 -0.436381 0.853600
v -0.646963 -0.419967 1.162274
v 0.284438 -0.419016 1.577403
v 0.381132 -0.428775 1.493075
v 0.519330 -0.419016 1.416814
v 0.680546 -0.443035 -0.352933
v 0.619699 -0.436381 -0.716539
v 0.534409 -0.419967 -1.017709
v 0.263076 -0.419016 -1.246928
v 0.000000 -0.428775 -1.263145
v -0.263076 -0.419016 -1.246928
v -0.534390 -0.419967 -1.017709
v -0.619545 -0.436381 -0.716539
v -0.680027 -0.443035 -0.352933
v 0.651937 -0.419967 1.162274
v 0.670170 -0.436381 0.853600
v 0.695669 -0.443035 0.468011
v 0.369463 -0.493934 0.073066
v 0.001383 -0.510584 0.085189
v -0.367234 -0.493934 0.073066
v -1.452190 -0.098834 0.572590
v -1.325908 -0.098905 1.093187
v -1.156911 -0.098997 1.546993
v 0.507779 -0.071415 2.328381
v 0.653017 -0.091168 2.245190
v 0.807462 -0.098135 2.117779
v 1.461827 -0.098855 -0.519299
v 1.322539 -0.098946 -1.021641
v 1.095250 -0.099055 -1.452875
v 0.411979 -0.099214 -1.982186
v -0.000000 -0.099234 -2.049001
v -0.411979 -0.099214 -1.982186
v -1.095250 -0.099055 -1.452875
v -1.322539 -0.098946 -1.021641
v -1.461827 -0.098855 -0.519299
v 1.157190 -0.098997 1.546993
v 1.325991 -0.098905 1.093187
v 1.452201 -0.098834 0.572590
v 1.383708 -0.173494 0.023295
v 1.212609 -0.267643 0.026312
v 0.988224 -0.363670 0.034534
v 0.731556 -0.344858 1.475100
v 0.831892 -0.261922 1.628647
v 0.914690 -0.172888 1.776291
v -0.722736 -0.172919 -1.661349
v -0.637844 -0.261931 -1.509800
v -0.539657 -0.344859 -1.345834
v 0.539657 -0.344859 -1.345835
v 0.637844 -0.261931 -1.509800
v 0.722736 -0.172919 -1.661349
v -0.727027 -0.344858 1.475100
v -0.829001 -0.261922 1.628647
v -0.913111 -0.172888 1.776291
v -1.383689 -0.173494 0.023295
v -1.212456 -0.267643 0.026312
v -0.987706 -0.363670 0.034534
v -0.806221 -0.098135 2.117779
v -0.651196 -0.091168 2.245190
v -0.505627 -0.071415 2.328381
v -0.168373 -0.021485 2.437435
v 0.001732 -0.021205 2.437453
v 0.171460 -0.021485 2.437436
v -0.510967 -0.419016 1.416814
v -0.369401 -0.428775 1.493075
v -0.269547 -0.419016 1.577403
v -0.118662 -0.419016 1.584226
v 0.009442 -0.428775 1.547662
v 0.136828 -0.419016 1.584226
v -0.245593 -0.343832 1.784141
v -0.282891 -0.253712 1.975344
v -0.317229 -0.144633 2.190218
v 0.260914 -0.343832 1.784141
v 0.294826 -0.253712 1.975344
v 0.324283 -0.144633 2.190218
v -0.142652 0.293860 3.626532
v -0.000939 0.295992 3.626194
v 0.140775 0.293860 3.626532
v 0.259468 0.248624 3.263256
v 0.268382 0.179388 2.958352
v 0.293225 0.089282 2.695716
v -0.293673 0.089282 2.695716
v -0.269842 0.179388 2.958352
v -0.261293 0.248624 3.263256
v -0.146091 0.176657 5.658883
v -0.000939 0.178836 5.658967
v 0.144214 0.176657 5.658884
v 0.260847 0.218723 5.092834
v 0.258981 0.262435 4.555323
v 0.258293 0.289326 4.061695
v -0.260170 0.289326 4.061694
v -0.260858 0.262435 4.555322
v -0.262725 0.218723 5.092834
v -0.164438 0.042766 7.942214
v -0.000939 0.044952 7.942298
v 0.162560 0.042766 7.942214
v 0.287479 0.059770 7.390552
v 0.278109 0.089819 6.818868
v 0.270313 0.126541 6.237899
v -0.272190 0.126541 6.237899
v -0.279986 0.089819 6.818868
v -0.289356 0.059770 7.390551
v -0.187235 0.000072 9.709020
v -0.000939 0.002260 9.709044
v 0.185357 0.000072 9.709019
v 0.330961 -0.001454 9.357845
v 0.320552 0.006614 8.937983
v 0.309304 0.018805 8.461854
v -0.311181 0.018805 8.461853
v -0.322429 0.006614 8.937982
v -0.332838 -0.001454 9.357846
v -0.189266 -0.005104 10.509071
v -0.000939 -0.002917 10.509075
v 0.187389 -0.005104 10.509071
v 0.348558 -0.011586 10.365295
v 0.349199 -0.011019 10.196526
v 0.346028 -0.009482 9.983992
v -0.347906 -0.009482 9.983992
v -0.351077 -0.011019 10.196526
v -0.350435 -0.011586 10.365295
v -0.155778 -0.005104 10.979691
v -0.000939 -0.002917 10.979692
v 0.153900 -0.005104 10.979692
v 0.301829 -0.011667 10.881056
v 0.319229 -0.011667 10.767903
v 0.333422 -0.011667 10.642987
v -0.335299 -0.011667 10.642987
v -0.321107 -0.011667 10.767903
v -0.303707 -0.011667 10.881056
v -0.103651 -0.005104 11.245478
v -0.000939 -0.002917 11.245478
v 0.101773 -0.005104 11.245477
v 0.213758 -0.011667 11.191118
v 0.238384 -0.011667 11.131333
v 0.261085 -0.011667 11.062174
v -0.262963 -0.011667 11.062174
v -0.240261 -0.011667 11.131333
v -0.215636 -0.011667 11.191118
v -0.047220 -0.014947 11.406717
v -0.000939 -0.013665 11.410379
v 0.045343 -0.014947 11.406716
v 0.099923 -0.014822 11.378237
v 0.128080 -0.012666 11.342604
v 0.157790 -0.011792 11.296968
v -0.159667 -0.011792 11.296967
v -0.129957 -0.012666 11.342604
v -0.101801 -0.014822 11.378236
v -0.708338 -0.508286 0.473185
v -0.680807 -0.501662 0.863283
v -0.660434 -0.485241 1.175603
v 0.288455 -0.484948 1.596418
v 0.387535 -0.494596 1.510754
v 0.529132 -0.484553 1.433334
v 0.695158 -0.508352 -0.357421
v 0.632915 -0.501780 -0.725342
v 0.545648 -0.485387 -1.030062
v 0.268533 -0.484603 -1.262020
v 0.000000 -0.494469 -1.278464
v -0.268533 -0.484603 -1.262020
v -0.545628 -0.485387 -1.030062
v -0.632761 -0.501780 -0.725342
v -0.694639 -0.508352 -0.357421
v 0.665408 -0.485241 1.175603
v 0.684478 -0.501662 0.863283
v 0.710679 -0.508286 0.473185
v 0.377540 -0.559805 0.073603
v 0.001383 -0.576671 0.085870
v -0.375311 -0.559805 0.073603
v -1.470277 -0.139965 0.576735
v -1.342222 -0.140244 1.101187
v -1.170739 -0.140614 1.558432
v 0.511054 -0.115941 2.347448
v 0.658625 -0.134028 2.262916
v 0.815688 -0.140302 2.134011
v 1.479867 -0.140075 -0.523165
v 1.338593 -0.140453 -1.029195
v 1.108273 -0.140900 -1.463598
v 0.416715 -0.141549 -1.996801
v 0.000000 -0.141632 -2.064107
v -0.416715 -0.141549 -1.996801
v -1.108273 -0.140900 -1.463598
v -1.338593 -0.140453 -1.029195
v -1.479867 -0.140075 -0.523164
v 1.171018 -0.140614 1.558432
v 1.342305 -0.140244 1.101187
v 1.470287 -0.139965 0.576735
v 1.406693 -0.227074 0.023402
v 1.235972 -0.328293 0.026409
v 1.008779 -0.427645 0.034671
v 0.745666 -0.409238 1.492040
v 0.846727 -0.323290 1.646559
v 0.928614 -0.227347 1.793641
v -0.734080 -0.227689 -1.677511
v -0.649589 -0.323598 -1.526616
v -0.550446 -0.409470 -1.361760
v 0.550446 -0.409470 -1.361760
v 0.649589 -0.323598 -1.526616
v 0.734080 -0.227689 -1.677511
v -0.741137 -0.409238 1.492040
v -0.843836 -0.323290 1.646558
v -0.927034 -0.227347 1.793641
v -1.406674 -0.227074 0.023402
v -1.235818 -0.328293 0.026409
v -1.008260 -0.427645 0.034671
v -0.814448 -0.140302 2.134011
v -0.656804 -0.134028 2.262916
v -0.508902 -0.115941 2.347447
v -0.168903 -0.079863 2.461524
v 0.001732 -0.082221 2.462408
v 0.171990 -0.079863 2.461525
v -0.520770 -0.484553 1.433334
v -0.375804 -0.494596 1.510754
v -0.273564 -0.484948 1.596418
v -0.120227 -0.485125 1.603610
v 0.009442 -0.494992 1.566610
v 0.138393 -0.485125 1.603610
v -0.248358 -0.409090 1.806059
v -0.285468 -0.316922 1.998984
v -0.319369 -0.203268 2.214118
v 0.263680 -0.409090 1.806059
v 0.297404 -0.316922 1.998984
v 0.326423 -0.203268 2.214118
v -0.142652 0.235590 3.635765
v -0.000939 0.233458 3.636103
v 0.140775 0.235590 3.635765
v 0.259481 0.203806 3.273737
v 0.268490 0.134871 2.972248
v 0.293623 0.044010 2.713006
v -0.294071 0.044010 2.713005
v -0.269950 0.134871 2.972248
v -0.261307 0.203806 3.273737
v -0.146091 0.117103 5.656616
v -0.000939 0.114924 5.656534
v 0.144214 0.117103 5.656616
v 0.260847 0.172309 5.092442
v 0.258981 0.216166 4.556967
v 0.258293 0.243346 4.065913
v -0.260170 0.243346 4.065913
v -0.260858 0.216166 4.556968
v -0.262725 0.172309 5.092442
v -0.164438 -0.016966 7.939908
v -0.000939 -0.019152 7.939823
v 0.162560 -0.016966 7.939908
v 0.287479 0.013172 7.388322
v 0.278109 0.043252 6.816361
v 0.270313 0.080012 6.235475
v -0.272190 0.080012 6.235474
v -0.279986 0.043252 6.816361
v -0.289356 0.013172 7.388322
v -0.187235 -0.059712 9.708349
v -0.000939 -0.061899 9.708326
v 0.185357 -0.059712 9.708349
v 0.330961 -0.048110 9.357090
v 0.320552 -0.040035 8.936935
v 0.309304 -0.027832 8.460459
v -0.311181 -0.027832 8.460459
v -0.322429 -0.040035 8.936935
v -0.332838 -0.048110 9.357090
v -0.189266 -0.064895 10.508991
v -0.000939 -0.067083 10.508989
v 0.187389 -0.064895 10.508991
v 0.348558 -0.058252 10.365173
v 0.349199 -0.057685 10.196312
v 0.346028 -0.056146 9.983648
v -0.347906 -0.056146 9.983647
v -0.351077 -0.057685 10.196312
v -0.350435 -0.058252 10.365174
v -0.155778 -0.064896 10.979691
v -0.000939 -0.067083 10.979692
v 0.153900 -0.064896 10.979691
v 0.301829 -0.058333 10.881054
v 0.319229 -0.058333 10.767894
v 0.333422 -0.058333 10.642962
v -0.335299 -0.058333 10.642962
v -0.321107 -0.058333 10.767896
v -0.303707 -0.058333 10.881054
v -0.103651 -0.064896 11.245476
v -0.000939 -0.067083 11.245479
v 0.101773 -0.064896 11.245477
v 0.213758 -0.058333 11.191118
v 0.238384 -0.058333 11.131334
v 0.261085 -0.058333 11.062174
v -0.262963 -0.058333 11.062174
v -0.240261 -0.058333 11.131334
v -0.215636 -0.058333 11.191118
v -0.047220 -0.055053 11.406716
v -0.000939 -0.056335 11.410380
v 0.045343 -0.055053 11.406716
v 0.099923 -0.055178 11.378236
v 0.128080 -0.057334 11.342603
v 0.157790 -0.058208 11.296968
v -0.159667 -0.058208 11.296968
v -0.129957 -0.057334 11.342603
v -0.101801 -0.055178 11.378236
v -1.014663 -0.058462 1.972492
v -1.029940 -0.053142 2.000849
v -1.020739 -0.081263 1.980498
v 1.014776 -0.058462 1.972492
v 1.029871 -0.053142 2.000849
v 1.020852 -0.081263 1.980497
v -0.828368 -0.058600 -1.857590
v -0.843843 -0.053355 -1.885589
v -0.833484 -0.081546 -1.864949
v 0.828368 -0.058600 -1.857590
v 0.843843 -0.053355 -1.885589
v 0.833484 -0.081546 -1.864949
v -1.581041 -0.057953 0.022929
v -1.610105 -0.052367 0.022971
v -1.591548 -0.080272 0.022999
v 1.581041 -0.057953 0.022929
v 1.610105 -0.052367 0.022971
v 1.591548 -0.080272 0.022999
v -0.435491 0.017746 2.541355
v -0.459270 0.018939 2.573197
v -0.436281 -0.007538 2.552238
v 0.435120 0.017746 2.541355
v 0.458354 0.018939 2.573197
v 0.435909 -0.007538 2.552238
v -0.332953 0.277161 3.629178
v -0.357247 0.264725 3.631149
v -0.332953 0.252290 3.633119
v 0.331076 0.277161 3.629178
v 0.355369 0.264725 3.631148
v 0.331076 0.252290 3.633119
v -0.341010 0.159590 5.658234
v -0.365893 0.146880 5.657750
v -0.341010 0.134170 5.657266
v 0.339132 0.159590 5.658234
v 0.364016 0.146880 5.657751
v 0.339132 0.134170 5.657266
v -0.383994 0.025648 7.941553
v -0.412023 0.012900 7.941061
v -0.383994 0.000152 7.940568
v 0.382117 0.025648 7.941553
v 0.410145 0.012900 7.941061
v 0.382117 0.000152 7.940568
v -0.437404 -0.017061 9.708826
v -0.469340 -0.029820 9.708686
v -0.437404 -0.042579 9.708543
v 0.435526 -0.017061 9.708827
v 0.467463 -0.029820 9.708686
v 0.435526 -0.042579 9.708543
v -0.442163 -0.022239 10.509048
v -0.474448 -0.035000 10.509030
v -0.442163 -0.047760 10.509014
v 0.440285 -0.022239 10.509048
v 0.472570 -0.035000 10.509030
v 0.440285 -0.047760 10.509014
v -0.363705 -0.022240 10.979691
v -0.390248 -0.035000 10.979692
v -0.363705 -0.047760 10.979691
v 0.361827 -0.022240 10.979691
v 0.388371 -0.035000 10.979692
v 0.361827 -0.047760 10.979691
v -0.241578 -0.022240 11.245477
v -0.259185 -0.035000 11.245479
v -0.241578 -0.047760 11.245476
v 0.239700 -0.022240 11.245477
v 0.257308 -0.035000 11.245479
v 0.239700 -0.047760 11.245476
v -0.087647 -0.024617 11.406716
v -0.090956 -0.035000 11.410381
v -0.087647 -0.045383 11.406716
v 0.085770 -0.024617 11.406716
v 0.089079 -0.035000 11.410380
v 0.085770 -0.045383 11.406716
v -0.354105 -0.492730 -0.322819
v 0.000583 -0.509299 -0.311157
v 0.355045 -0.492730 -0.322819
v -0.323735 -0.484299 -0.679498
v 0.000173 -0.500306 -0.669171
v 0.324014 -0.484299 -0.679498
v -0.284743 -0.461793 -0.987195
v 0.000022 -0.475949 -0.984776
v 0.284778 -0.461793 -0.987195
v 0.005140 -0.503408 1.017211
v -0.432914 -0.461971 1.182516
v -0.237429 -0.476457 1.273560
v -0.146254 -0.460985 1.420501
v 0.008118 -0.476251 1.341054
v 0.162234 -0.460985 1.420501
v 0.249393 -0.476457 1.273560
v 0.440997 -0.461971 1.182516
v 0.379034 -0.485013 0.882264
v 0.367700 -0.492908 0.490867
v 0.002716 -0.510013 0.514283
v -0.363445 -0.492908 0.490867
v -0.372473 -0.485013 0.882264
v 0.965692 -0.363124 0.473584
v 0.905493 -0.359303 0.883731
v 0.827789 -0.350779 1.226263
v 1.178316 -0.267466 0.501019
v 1.089320 -0.266216 0.949075
v 0.968462 -0.263530 1.335146
v 1.338800 -0.173481 0.537951
v 1.227935 -0.173354 1.025420
v 1.077912 -0.173055 1.449927
v -0.288793 -0.350236 -1.472029
v -0.000000 -0.354941 -1.510329
v 0.288793 -0.350236 -1.472029
v -0.334967 -0.263377 -1.673473
v -0.000000 -0.264819 -1.726653
v 0.334967 -0.263377 -1.673473
v -0.378230 -0.173125 -1.847478
v -0.000000 -0.173313 -1.909349
v 0.378230 -0.173125 -1.847478
v 0.608617 -0.350209 1.621250
v 0.480438 -0.354734 1.706141
v 0.367925 -0.349618 1.761227
v 0.692470 -0.263161 1.811408
v 0.556589 -0.263162 1.910156
v 0.426557 -0.258431 1.958835
v 0.759149 -0.172477 1.982222
v 0.612663 -0.168370 2.096406
v 0.470671 -0.157588 2.157798
v -0.953561 -0.363125 -0.394293
v -0.864892 -0.359304 -0.784677
v -0.728173 -0.350780 -1.110867
v -1.172831 -0.267469 -0.440089
v -1.060679 -0.266221 -0.869477
v -0.881753 -0.263537 -1.234851
v -1.341273 -0.173490 -0.483757
v -1.212638 -0.173371 -0.952943
v -1.004415 -0.173080 -1.355153
v 0.728181 -0.350780 -1.110867
v 0.864957 -0.359304 -0.784677
v 0.953780 -0.363125 -0.394293
v 0.881755 -0.263537 -1.234851
v 1.060699 -0.266221 -0.869477
v 1.172896 -0.267469 -0.440089
v 1.004416 -0.173080 -1.355153
v 1.212641 -0.173371 -0.952943
v 1.341281 -0.173490 -0.483757
v -0.824931 -0.350779 1.226263
v -0.903727 -0.359304 0.883731
v -0.964677 -0.363124 0.473584
v -0.966968 -0.263530 1.335146
v -1.088607 -0.266216 0.949075
v -1.177991 -0.267466 0.501019
v -1.077211 -0.173055 1.449927
v -1.227694 -0.173354 1.025420
v -1.338740 -0.173481 0.537951
v 0.166784 -0.140460 2.198745
v 0.153975 -0.253740 1.973881
v 0.140606 -0.349032 1.768026
v 0.004260 -0.140220 2.199152
v 0.006965 -0.254991 1.969893
v 0.008923 -0.353712 1.752952
v -0.158694 -0.140460 2.198745
v -0.140596 -0.253740 1.973882
v -0.123487 -0.349032 1.768026
v -0.464789 -0.157588 2.157798
v -0.416658 -0.258431 1.958835
v -0.354962 -0.349618 1.761227
v -0.608183 -0.168370 2.096406
v -0.549083 -0.263162 1.910156
v -0.470331 -0.354734 1.706141
v -0.756214 -0.172477 1.982222
v -0.687450 -0.263161 1.811408
v -0.601527 -0.350209 1.621251
v 0.159283 0.089378 2.685316
v 0.000145 0.090092 2.684115
v -0.159197 0.089378 2.685316
v 0.146755 0.183701 2.953736
v -0.000623 0.185290 2.952817
v -0.148064 0.183701 2.953736
v 0.141522 0.254683 3.261449
v -0.000899 0.256722 3.260925
v -0.143329 0.254683 3.261449
v 0.140828 0.295792 4.061101
v -0.000939 0.297947 4.060904
v -0.142706 0.295792 4.061101
v 0.141205 0.268941 4.555091
v -0.000939 0.271110 4.555014
v -0.143082 0.268941 4.555091
v 0.142225 0.225250 5.092888
v -0.000939 0.227425 5.092907
v -0.144103 0.225250 5.092888
v 0.147402 0.133084 6.238239
v -0.000939 0.135265 6.238353
v -0.149279 0.133084 6.238240
v 0.151665 0.096367 6.819220
v -0.000939 0.098550 6.819338
v -0.153543 0.096367 6.819220
v 0.156790 0.066323 7.390864
v -0.000939 0.068507 7.390969
v -0.158667 0.066323 7.390865
v 0.168725 0.025363 8.462050
v -0.000939 0.027549 8.462115
v -0.170603 0.025363 8.462051
v 0.174876 0.013174 8.938131
v -0.000939 0.015360 8.938177
v -0.176754 0.013174 8.938131
v 0.180569 0.005107 9.357953
v -0.000939 0.007294 9.357988
v -0.182446 0.005107 9.357952
v 0.188809 -0.002920 9.984039
v -0.000939 -0.000733 9.984057
v -0.190686 -0.002920 9.984039
v 0.190543 -0.004457 10.196554
v -0.000939 -0.002270 10.196566
v -0.192421 -0.004457 10.196554
v 0.190192 -0.005023 10.365314
v -0.000939 -0.002836 10.365320
v -0.192070 -0.005023 10.365314
v 0.181915 -0.005104 10.642990
v -0.000939 -0.002917 10.642992
v -0.183792 -0.005104 10.642991
v 0.174153 -0.005104 10.767904
v -0.000939 -0.002917 10.767905
v -0.176031 -0.005104 10.767902
v 0.164637 -0.005104 10.881055
v -0.000939 -0.002917 10.881056
v -0.166515 -0.005104 10.881056
v 0.142356 -0.005104 11.062173
v -0.000939 -0.002917 11.062174
v -0.144233 -0.005104 11.062173
v 0.129941 -0.005104 11.131333
v -0.000939 -0.002917 11.131333
v -0.131818 -0.005104 11.131334
v 0.116474 -0.005104 11.191118
v -0.000939 -0.002917 11.191117
v -0.118351 -0.005104 11.191118
v 0.085893 -0.005262 11.297034
v -0.000939 -0.003085 11.297101
v -0.087771 -0.005262 11.297034
v 0.069836 -0.006370 11.343143
v -0.000939 -0.004267 11.343684
v -0.071713 -0.006370 11.343142
v 0.055167 -0.009327 11.380253
v -0.000939 -0.007467 11.382019
v -0.057045 -0.009327 11.380254
v -0.361856 -0.558623 -0.327009
v -0.330771 -0.550206 -0.687959
v -0.290828 -0.527623 -0.999299
v 0.000583 -0.575389 -0.315227
v 0.000173 -0.566385 -0.677541
v 0.000022 -0.541922 -0.996893
v 0.362796 -0.558623 -0.327009
v 0.331049 -0.550206 -0.687959
v 0.290863 -0.527623 -0.999299
v 0.005140 -0.569711 1.029047
v -0.441777 -0.527800 1.196201
v -0.380550 -0.550936 0.892369
v -0.371472 -0.558806 0.496346
v 0.002716 -0.576157 0.520065
v 0.375727 -0.558806 0.496346
v 0.387112 -0.550936 0.892369
v 0.449860 -0.527800 1.196201
v 0.253852 -0.542636 1.288530
v 0.164579 -0.527275 1.437538
v 0.008118 -0.542668 1.357115
v -0.148600 -0.527275 1.437538
v -0.241889 -0.542636 1.288530
v 0.985812 -0.427108 0.478780
v 1.201045 -0.328146 0.506301
v 1.361048 -0.227113 0.543006
v 0.924223 -0.423382 0.893656
v 1.110172 -0.327067 0.959267
v 1.248141 -0.227203 1.035192
v 0.844504 -0.414985 1.240190
v 0.986584 -0.324625 1.349642
v 1.095202 -0.227207 1.463893
v -0.294527 -0.415021 -1.489452
v -0.341083 -0.325239 -1.692102
v -0.384103 -0.228105 -1.865443
v 0.000000 -0.419807 -1.528218
v 0.000000 -0.326753 -1.745874
v 0.000000 -0.228365 -1.927913
v 0.294527 -0.415021 -1.489452
v 0.341083 -0.325239 -1.692102
v 0.384103 -0.228105 -1.865443
v 0.619468 -0.414857 1.640140
v 0.703756 -0.324814 1.831681
v 0.769636 -0.227242 2.001971
v 0.487962 -0.419643 1.726379
v 0.564433 -0.325175 1.931997
v 0.619886 -0.223722 2.117834
v 0.372722 -0.414712 1.782523
v 0.431423 -0.320954 1.981763
v 0.475017 -0.214139 2.180533
v -0.973297 -0.427218 -0.399134
v -1.195273 -0.328274 -0.445110
v -1.363365 -0.227238 -0.488534
v -0.882639 -0.423580 -0.794067
v -1.080755 -0.327302 -0.879227
v -1.232336 -0.227438 -0.962251
v -0.742926 -0.415230 -1.124054
v -0.898215 -0.324926 -1.248630
v -1.020454 -0.227519 -1.368351
v 0.742934 -0.415230 -1.124054
v 0.898218 -0.324926 -1.248630
v 1.020454 -0.227519 -1.368351
v 0.882704 -0.423580 -0.794067
v 1.080774 -0.327302 -0.879227
v 1.232339 -0.227438 -0.962251
v 0.973516 -0.427218 -0.399134
v 1.195338 -0.328274 -0.445110
v 1.363373 -0.227238 -0.488534
v -0.841645 -0.414985 1.240190
v -0.985090 -0.324625 1.349642
v -1.094501 -0.227207 1.463894
v -0.922456 -0.423382 0.893656
v -1.109459 -0.327067 0.959267
v -1.247899 -0.227203 1.035192
v -0.984797 -0.427108 0.478780
v -1.200720 -0.328146 0.506302
v -1.360988 -0.227113 0.543006
v 0.167612 -0.201824 2.223711
v 0.004260 -0.202816 2.224546
v -0.159523 -0.201824 2.223711
v 0.155043 -0.317732 1.997916
v 0.006965 -0.319375 1.994048
v -0.141664 -0.317732 1.997916
v 0.141869 -0.414511 1.789940
v 0.008923 -0.419307 1.774741
v -0.124751 -0.414511 1.789940
v -0.469135 -0.214139 2.180533
v -0.615406 -0.223722 2.117834
v -0.766701 -0.227242 2.001971
v -0.421524 -0.320954 1.981763
v -0.556927 -0.325174 1.931997
v -0.698737 -0.324814 1.831681
v -0.359759 -0.414712 1.782523
v -0.477856 -0.419643 1.726379
v -0.612379 -0.414857 1.640140
v 0.159529 0.032507 2.706701
v 0.146829 0.126975 2.971327
v 0.141531 0.197299 3.274852
v 0.000145 0.029682 2.706657
v -0.000623 0.124591 2.971574
v -0.000899 0.195161 3.275293
v -0.159443 0.032507 2.706701
v -0.148139 0.126975 2.971327
v -0.143338 0.197299 3.274852
v 0.140828 0.236880 4.066505
v 0.141205 0.209660 4.557199
v 0.142226 0.165782 5.092387
v -0.000939 0.234725 4.066704
v -0.000939 0.207491 4.557276
v -0.000939 0.163607 5.092369
v -0.142706 0.236880 4.066506
v -0.143082 0.209660 4.557199
v -0.144103 0.165782 5.092387
v 0.147402 0.073469 6.235134
v 0.151665 0.036703 6.816008
v 0.156790 0.006620 7.388009
v -0.000939 0.071288 6.235021
v -0.000939 0.034520 6.815892
v -0.000939 0.004435 7.387906
v -0.149279 0.073469 6.235134
v -0.153543 0.036703 6.816009
v -0.158667 0.006620 7.388009
v 0.168725 -0.034391 8.460263
v 0.174876 -0.046595 8.936789
v 0.180569 -0.054671 9.356983
v -0.000939 -0.036577 8.460197
v -0.000939 -0.048782 8.936738
v -0.000939 -0.056858 9.356948
v -0.170603 -0.034391 8.460263
v -0.176754 -0.046595 8.936790
v -0.182446 -0.054671 9.356984
v 0.188809 -0.062708 9.983599
v 0.190543 -0.064247 10.196280
v 0.190192 -0.064814 10.365158
v -0.000939 -0.064896 9.983584
v -0.000939 -0.066434 10.196272
v -0.000939 -0.067002 10.365152
v -0.190686 -0.062708 9.983599
v -0.192421 -0.064247 10.196282
v -0.192070 -0.064814 10.365158
v 0.181915 -0.064896 10.642958
v 0.174153 -0.064896 10.767895
v 0.164637 -0.064896 10.881054
v -0.000939 -0.067083 10.642956
v -0.000939 -0.067083 10.767894
v -0.000939 -0.067083 10.881055
v -0.183792 -0.064896 10.642958
v -0.176031 -0.064896 10.767893
v -0.166515 -0.064896 10.881054
v 0.142356 -0.064896 11.062174
v 0.129941 -0.064896 11.131334
v 0.116474 -0.064896 11.191118
v -0.000939 -0.067083 11.062175
v -0.000939 -0.067083 11.131333
v -0.000939 -0.067083 11.191118
v -0.144233 -0.064896 11.062173
v -0.131818 -0.064896 11.131333
v -0.118351 -0.064896 11.191119
v 0.085893 -0.064738 11.297035
v 0.069836 -0.063630 11.343143
v 0.055167 -0.060673 11.380254
v -0.000939 -0.066915 11.297103
v -0.000939 -0.065733 11.343683
v -0.000939 -0.062533 11.382021
v -0.087771 -0.064738 11.297034
v -0.071713 -0.063630 11.343142
v -0.057045 -0.060673 11.380254
v -1.206701 -0.058304 1.609078
v -1.386855 -0.058131 1.136940
v -1.522508 -0.057996 0.595188
v -1.226104 -0.052900 1.632156
v -1.410511 -0.052636 1.153192
v -1.549673 -0.052432 0.603586
v -1.214368 -0.080948 1.615512
v -1.395943 -0.080610 1.141441
v -1.532619 -0.080351 0.597523
v 0.837941 -0.057445 2.203236
v 0.680681 -0.049660 2.338005
v 0.543253 -0.027887 2.430219
v 0.849877 -0.052208 2.235044
v 0.692105 -0.044639 2.372136
v 0.558706 -0.023602 2.465795
v 0.842456 -0.080412 2.212378
v 0.683741 -0.073082 2.348021
v 0.545024 -0.052276 2.440976
v 1.151998 -0.058415 -1.514740
v 1.390871 -0.058209 -1.065250
v 1.536661 -0.058036 -0.541801
v 1.173595 -0.053074 -1.537577
v 1.416963 -0.052759 -1.081347
v 1.565337 -0.052495 -0.550098
v 1.159275 -0.081185 -1.520744
v 1.399857 -0.080780 -1.069479
v 1.546769 -0.080439 -0.543961
v -0.433291 -0.058716 -2.066567
v 0.000000 -0.058754 -2.136227
v 0.433291 -0.058716 -2.066567
v -0.441364 -0.053533 -2.097716
v 0.000000 -0.053592 -2.168425
v 0.441365 -0.053533 -2.097716
v -0.435929 -0.081774 -2.074753
v 0.000000 -0.081850 -2.144687
v 0.435929 -0.081774 -2.074753
v -1.536661 -0.058036 -0.541801
v -1.390871 -0.058209 -1.065250
v -1.151998 -0.058415 -1.514740
v -1.565337 -0.052495 -0.550098
v -1.416963 -0.052759 -1.081347
v -1.173595 -0.053074 -1.537577
v -1.546769 -0.080439 -0.543961
v -1.399857 -0.080780 -1.069478
v -1.159275 -0.081185 -1.520744
v 1.522510 -0.057996 0.595188
v 1.386869 -0.058131 1.136940
v 1.206749 -0.058304 1.609078
v 1.549672 -0.052432 0.603586
v 1.410502 -0.052636 1.153192
v 1.226075 -0.052900 1.632156
v 1.532620 -0.080351 0.597523
v 1.395957 -0.080610 1.141441
v 1.214415 -0.080948 1.615512
v -0.543195 -0.027887 2.430219
v -0.680463 -0.049660 2.338005
v -0.837740 -0.057445 2.203236
v -0.559254 -0.023602 2.465795
v -0.692394 -0.044639 2.372136
v -0.850019 -0.052208 2.235044
v -0.544966 -0.052276 2.440976
v -0.683523 -0.073082 2.348021
v -0.842255 -0.080412 2.212378
v 0.372450 0.092205 2.724067
v 0.343088 0.172665 2.967624
v 0.332577 0.238890 3.266396
v 0.397567 0.086382 2.741611
v 0.367717 0.162378 2.975171
v 0.356913 0.226871 3.269731
v 0.372724 0.067330 2.733638
v 0.343162 0.148237 2.975280
v 0.332586 0.214370 3.272135
v -0.334423 0.238890 3.266396
v -0.344714 0.172665 2.967624
v -0.373531 0.092205 2.724068
v -0.358769 0.226871 3.269731
v -0.369423 0.162378 2.975171
v -0.398919 0.086382 2.741611
v -0.334433 0.214370 3.272135
v -0.344788 0.148237 2.975279
v -0.373805 0.067330 2.733638
v 0.331202 0.278909 4.062650
v 0.332083 0.251952 4.555695
v 0.334475 0.208207 5.092745
v 0.355505 0.266336 4.063804
v 0.356450 0.239300 4.556145
v 0.359017 0.195516 5.092638
v 0.331202 0.253764 4.064957
v 0.332083 0.226649 4.556595
v 0.334475 0.182825 5.092531
v -0.336352 0.208207 5.092745
v -0.333960 0.251952 4.555695
v -0.333079 0.278909 4.062650
v -0.360895 0.195516 5.092638
v -0.358328 0.239300 4.556145
v -0.357382 0.266336 4.063804
v -0.336352 0.182825 5.092531
v -0.333960 0.226649 4.556595
v -0.333079 0.253764 4.064957
v 0.346602 0.116000 6.237350
v 0.356591 0.079269 6.818299
v 0.368596 0.049213 7.390047
v 0.372032 0.103277 6.236686
v 0.382751 0.066535 6.817615
v 0.395635 0.036471 7.389437
v 0.346602 0.090554 6.236024
v 0.356591 0.053802 6.816928
v 0.368596 0.023730 7.388828
v -0.370474 0.049213 7.390047
v -0.358468 0.079269 6.818299
v -0.348480 0.116000 6.237350
v -0.397513 0.036471 7.389438
v -0.384629 0.066535 6.817615
v -0.373909 0.103277 6.236686
v -0.370474 0.023730 7.388827
v -0.358468 0.053802 6.816928
v -0.348480 0.090554 6.236024
v 0.396559 0.008239 8.461537
v 0.410971 -0.003955 8.937746
v 0.424308 -0.012024 9.357676
v 0.425645 -0.004514 8.461157
v 0.441111 -0.016711 8.937459
v 0.455423 -0.024782 9.357469
v 0.396559 -0.017266 8.460775
v 0.410971 -0.029466 8.937173
v 0.424308 -0.037540 9.357261
v -0.426185 -0.012024 9.357676
v -0.412848 -0.003955 8.937746
v -0.398437 0.008239 8.461537
v -0.457301 -0.024782 9.357470
v -0.442988 -0.016711 8.937458
v -0.427522 -0.004514 8.461157
v -0.426185 -0.037540 9.357261
v -0.412848 -0.029466 8.937173
v -0.398437 -0.017266 8.460775
v 0.443613 -0.020055 9.983912
v 0.447676 -0.021592 10.196475
v 0.446854 -0.022158 10.365269
v 0.476141 -0.032814 9.983821
v 0.480501 -0.034352 10.196417
v 0.479619 -0.034919 10.365236
v 0.443613 -0.045574 9.983725
v 0.447676 -0.047112 10.196360
v 0.446854 -0.047679 10.365203
v -0.448731 -0.022158 10.365270
v -0.449553 -0.021592 10.196477
v -0.445490 -0.020055 9.983912
v -0.481497 -0.034919 10.365237
v -0.482379 -0.034352 10.196417
v -0.478018 -0.032814 9.983820
v -0.448731 -0.047679 10.365202
v -0.449553 -0.047112 10.196360
v -0.445490 -0.045574 9.983725
v 0.427461 -0.022240 10.642982
v 0.409277 -0.022240 10.767902
v 0.386983 -0.022240 10.881054
v 0.458807 -0.035000 10.642973
v 0.439293 -0.035000 10.767900
v 0.415367 -0.035000 10.881055
v 0.427461 -0.047760 10.642966
v 0.409277 -0.047760 10.767895
v 0.386983 -0.047760 10.881054
v -0.388860 -0.022240 10.881054
v -0.411154 -0.022240 10.767902
v -0.429338 -0.022240 10.642981
v -0.417245 -0.035000 10.881057
v -0.441170 -0.035000 10.767900
v -0.460685 -0.035000 10.642974
v -0.388860 -0.047760 10.881054
v -0.411154 -0.047760 10.767896
v -0.429338 -0.047760 10.642966
v 0.334779 -0.022240 11.062174
v 0.305693 -0.022240 11.131334
v 0.274142 -0.022240 11.191118
v 0.359344 -0.035000 11.062175
v 0.328130 -0.035000 11.131333
v 0.294270 -0.035000 11.191118
v 0.334779 -0.047760 11.062173
v 0.305693 -0.047760 11.131333
v 0.274142 -0.047760 11.191119
v -0.276020 -0.022240 11.191118
v -0.307571 -0.022240 11.131333
v -0.336657 -0.022240 11.062173
v -0.296148 -0.035000 11.191117
v -0.330007 -0.035000 11.131335
v -0.361222 -0.035000 11.062174
v -0.276020 -0.047760 11.191119
v -0.307571 -0.047760 11.131333
v -0.336657 -0.047760 11.062174
v 0.043754 -0.023935 11.422321
v -0.000939 -0.023340 11.427608
v -0.045631 -0.023935 11.422322
v 0.044432 -0.035000 11.427607
v -0.000939 -0.035000 11.433374
v -0.046310 -0.035000 11.427608
v 0.043754 -0.046066 11.422321
v -0.000939 -0.046660 11.427607
v -0.045631 -0.046066 11.422321
v 0.202329 -0.022308 11.297035
v 0.163544 -0.022790 11.343143
v 0.124872 -0.023866 11.380254
v 0.217144 -0.035000 11.297103
v 0.175108 -0.035000 11.343683
v 0.132501 -0.035000 11.382021
v 0.202329 -0.047692 11.297034
v 0.163544 -0.047210 11.343142
v 0.124872 -0.046134 11.380254
v -0.126750 -0.023866 11.380253
v -0.165422 -0.022790 11.343143
v -0.204207 -0.022308 11.297036
v -0.134379 -0.035000 11.382021
v -0.176985 -0.035000 11.343682
v -0.219021 -0.035000 11.297103
v -0.126750 -0.046134 11.380254
v -0.165422 -0.047210 11.343143
v -0.204207 -0.047692 11.297034
vn 0.2709 0.9496 -0.1577
vn -0.2751 0.9486 -0.1565
vn 0.1815 0.9586 0.2195
vn -0.1815 0.9586 0.2195
vn 0.2132 0.9770 0.0021
vn -0.2138 0.9769 0.0026
vn 0.4270 0.8624 -0.2720
vn -0.4298 0.8607 -0.2729
vn 0.2770 0.8914 0.3587
vn -0.2770 0.8914 0.3587
vn 0.4987 0.8668 -0.0028
vn -0.4987 0.8668 -0.0028
vn -0.0063 0.9122 -0.4098
vn 0.0064 0.9122 -0.4097
vn 0.0120 0.9427 -0.3334
vn -0.0127 0.9427 -0.3334
vn -0.0976 0.9937 -0.0547
vn 0.0976 0.9937 -0.0547
vn -0.0970 0.9921 0.0791
vn 0.0970 0.9921 0.0791
vn -0.0866 0.9956 0.0361
vn 0.0866 0.9956 0.0361
vn -0.0762 0.9970 0.0107
vn 0.0762 0.9970 0.0107
vn -0.0760 0.9971 0.0048
vn 0.0760 0.9971 0.0048
vn -0.0929 0.9954 0.0223
vn 0.0929 0.9954 0.0223
vn -0.1395 0.9870 0.0801
vn 0.1395 0.9870 0.0801
vn -0.2162 0.8866 0.4089
vn 0.2162 0.8866 0.4090
vn -0.2698 -0.9498 0.1584
vn 0.2739 -0.9488 0.1572
vn -0.1806 -0.9587 -0.2197
vn 0.1806 -0.9587 -0.2197
vn -0.2123 -0.9772 -0.0021
vn 0.2128 -0.9771 -0.0026
vn -0.5388 -0.7691 0.3438
vn 0.5418 -0.7666 0.3446
vn -0.3554 -0.8131 -0.4611
vn 0.3554 -0.8131 -0.4611
vn -0.6318 -0.7751 0.0037
vn 0.6319 -0.7751 0.0037
vn -0.0915 -0.8827 0.4610
vn 0.0923 -0.8820 0.4621
vn -0.0138 -0.9432 0.3319
vn 0.0145 -0.9432 0.3319
vn -0.0981 -0.9937 0.0541
vn 0.0981 -0.9937 0.0541
vn -0.0969 -0.9920 -0.0809
vn 0.0969 -0.9920 -0.0809
vn -0.0866 -0.9954 -0.0398
vn 0.0866 -0.9954 -0.0398
vn -0.0762 -0.9970 -0.0145
vn 0.0762 -0.9970 -0.0145
vn -0.0760 -0.9971 0.0042
vn 0.0760 -0.9971 0.0042
vn -0.0929 -0.9954 0.0223
vn 0.0929 -0.9954 0.0223
vn -0.1395 -0.9870 0.0801
vn 0.1395 -0.9870 0.0801
vn -0.2162 -0.8866 0.4090
vn 0.2162 -0.8866 0.4090
vn 0.2191 0.9754 -0.0221
vn 0.2332 0.9713 -0.0466
vn 0.2560 0.9624 -0.0909
vn -0.0722 0.9615 -0.2650
vn -0.1381 0.9698 -0.2009
vn -0.2034 0.9641 -0.1707
vn -0.2134 0.9763 0.0349
vn -0.2128 0.9736 0.0822
vn -0.2048 0.9680 0.1448
vn -0.0918 0.9696 0.2268
vn -0.0000 0.9734 0.2291
vn 0.0918 0.9696 0.2267
vn 0.2048 0.9680 0.1448
vn 0.2128 0.9737 0.0820
vn 0.2132 0.9764 0.0346
vn -0.2590 0.9617 -0.0899
vn -0.2351 0.9709 -0.0457
vn -0.2202 0.9752 -0.0215
vn -0.0972 0.9953 0.0011
vn -0.0000 1.0000 0.0005
vn 0.0969 0.9953 0.0008
vn 0.5048 0.8591 -0.0841
vn 0.5004 0.8524 -0.1519
vn 0.4803 0.8511 -0.2121
vn -0.0575 0.9102 -0.4102
vn -0.1826 0.9053 -0.3836
vn -0.3253 0.8846 -0.3342
vn -0.4812 0.8726 0.0843
vn -0.4459 0.8777 0.1755
vn -0.3816 0.8842 0.2696
vn -0.1427 0.8956 0.4213
vn -0.0000 0.8967 0.4426
vn 0.1427 0.8956 0.4213
vn 0.3816 0.8842 0.2696
vn 0.4459 0.8777 0.1755
vn 0.4812 0.8726 0.0843
vn -0.4818 0.8502 -0.2123
vn -0.5009 0.8521 -0.1519
vn -0.5049 0.8591 -0.0840
vn -0.5043 0.8635 0.0006
vn -0.4404 0.8978 0.0028
vn -0.3382 0.9411 0.0030
vn -0.3516 0.9133 -0.2056
vn -0.4149 0.8750 -0.2497
vn -0.4478 0.8499 -0.2778
vn 0.2906 0.8821 0.3708
vn 0.2705 0.9010 0.3391
vn 0.2328 0.9294 0.2863
vn -0.2328 0.9294 0.2863
vn -0.2705 0.9010 0.3391
vn -0.2906 0.8821 0.3708
vn 0.3468 0.9150 -0.2063
vn 0.4102 0.8771 -0.2498
vn 0.4440 0.8520 -0.2773
vn 0.5041 0.8636 0.0005
vn 0.4400 0.8980 0.0026
vn 0.3376 0.9413 0.0027
vn 0.3221 0.8865 -0.3323
vn 0.1806 0.9065 -0.3816
vn 0.0569 0.9106 -0.4094
vn -0.0051 0.9054 -0.4245
vn -0.0000 0.9038 -0.4279
vn 0.0051 0.9054 -0.4245
vn 0.1997 0.9647 -0.1718
vn 0.1351 0.9700 -0.2019
vn 0.0703 0.9616 -0.2655
vn -0.0076 0.9542 -0.2989
vn 0.0001 0.9597 -0.2810
vn 0.0075 0.9543 -0.2988
vn 0.0115 0.9168 -0.3992
vn 0.0104 0.8999 -0.4361
vn 0.0107 0.8942 -0.4476
vn -0.0119 0.9167 -0.3993
vn -0.0106 0.8998 -0.4362
vn -0.0108 0.8941 -0.4478
vn -0.0348 0.9979 -0.0555
vn -0.0000 0.9984 -0.0557
vn 0.0348 0.9979 -0.0555
vn 0.0932 0.9824 -0.1618
vn 0.0771 0.9603 -0.2682
vn 0.0497 0.9340 -0.3539
vn -0.0493 0.9339 -0.3541
vn -0.0770 0.9602 -0.2683
vn -0.0932 0.9824 -0.1618
vn -0.0346 0.9962 0.0801
vn -0.0000 0.9968 0.0802
vn 0.0346 0.9962 0.0801
vn 0.0979 0.9918 0.0825
vn 0.0981 0.9929 0.0672
vn 0.0979 0.9949 0.0248
vn -0.0979 0.9949 0.0248
vn -0.0981 0.9929 0.0672
vn -0.0979 0.9918 0.0825
vn -0.0309 0.9988 0.0377
vn -0.0000 0.9993 0.0380
vn 0.0309 0.9988 0.0377
vn 0.0897 0.9949 0.0458
vn 0.0927 0.9941 0.0561
vn 0.0952 0.9932 0.0676
vn -0.0952 0.9932 0.0676
vn -0.0927 0.9941 0.0561
vn -0.0897 0.9949 0.0458
vn -0.0272 0.9996 0.0122
vn -0.0000 0.9999 0.0126
vn 0.0272 0.9996 0.0122
vn 0.0782 0.9968 0.0147
vn 0.0806 0.9965 0.0203
vn 0.0835 0.9961 0.0275
vn -0.0835 0.9961 0.0275
vn -0.0806 0.9965 0.0203
vn -0.0782 0.9968 0.0147
vn -0.0271 0.9996 0.0012
vn -0.0000 1.0000 0.0004
vn 0.0271 0.9996 0.0012
vn 0.0747 0.9972 0.0036
vn 0.0744 0.9972 0.0048
vn 0.0749 0.9972 0.0075
vn -0.0749 0.9972 0.0075
vn -0.0744 0.9972 0.0048
vn -0.0747 0.9972 0.0036
vn -0.0333 0.9994 0.0047
vn -0.0000 1.0000 0.0003
vn 0.0333 0.9994 0.0047
vn 0.0867 0.9961 0.0161
vn 0.0818 0.9966 0.0116
vn 0.0783 0.9969 0.0078
vn -0.0783 0.9969 0.0078
vn -0.0818 0.9966 0.0116
vn -0.0867 0.9961 0.0161
vn -0.0513 0.9985 0.0183
vn -0.0000 1.0000 0.0027
vn 0.0513 0.9985 0.0183
vn 0.1229 0.9906 0.0594
vn 0.1104 0.9929 0.0435
vn 0.1007 0.9944 0.0312
vn -0.1007 0.9944 0.0312
vn -0.1104 0.9929 0.0435
vn -0.1229 0.9906 0.0594
vn -0.1009 0.9209 0.3766
vn -0.0000 0.9318 0.3629
vn 0.1009 0.9209 0.3766
vn 0.2119 0.9344 0.2864
vn 0.1888 0.9651 0.1813
vn 0.1622 0.9800 0.1153
vn -0.1622 0.9800 0.1153
vn -0.1888 0.9651 0.1813
vn -0.2119 0.9344 0.2864
vn -0.2182 -0.9757 0.0220
vn -0.2322 -0.9716 0.0464
vn -0.2549 -0.9627 0.0908
vn 0.0736 -0.9618 0.2637
vn 0.1382 -0.9699 0.2004
vn 0.2023 -0.9643 0.1709
vn 0.2124 -0.9766 -0.0348
vn 0.2118 -0.9739 -0.0820
vn 0.2038 -0.9683 -0.1445
vn 0.0910 -0.9697 -0.2266
vn -0.0000 -0.9735 -0.2288
vn -0.0910 -0.9697 -0.2266
vn -0.2038 -0.9683 -0.1445
vn -0.2117 -0.9739 -0.0818
vn -0.2121 -0.9766 -0.0345
vn 0.2579 -0.9620 0.0899
vn 0.2340 -0.9712 0.0456
vn 0.2192 -0.9754 0.0215
vn 0.0964 -0.9953 -0.0011
vn -0.0000 -1.0000 -0.0006
vn -0.0961 -0.9954 -0.0008
vn -0.6364 -0.7640 0.1066
vn -0.6278 -0.7544 0.1916
vn -0.6017 -0.7528 0.2669
vn 0.1387 -0.8570 0.4963
vn 0.2636 -0.8357 0.4819
vn 0.4220 -0.8013 0.4241
vn 0.6114 -0.7840 -0.1074
vn 0.5677 -0.7922 -0.2240
vn 0.4875 -0.8020 -0.3451
vn 0.1832 -0.8202 -0.5419
vn -0.0000 -0.8222 -0.5691
vn -0.1832 -0.8202 -0.5419
vn -0.4875 -0.8020 -0.3451
vn -0.5677 -0.7922 -0.2240
vn -0.6114 -0.7840 -0.1074
vn 0.6033 -0.7515 0.2671
vn 0.6284 -0.7540 0.1915
vn 0.6365 -0.7639 0.1065
vn 0.5563 -0.8310 -0.0006
vn 0.4587 -0.8886 -0.0029
vn 0.3417 -0.9398 -0.0030
vn 0.3555 -0.9109 0.2096
vn 0.4318 -0.8631 0.2620
vn 0.4923 -0.8144 0.3072
vn -0.3217 -0.8525 -0.4120
vn -0.2823 -0.8910 -0.3555
vn -0.2355 -0.9272 -0.2912
vn 0.2355 -0.9272 -0.2912
vn 0.2823 -0.8910 -0.3555
vn 0.3217 -0.8525 -0.4120
vn -0.3507 -0.9125 0.2103
vn -0.4271 -0.8654 0.2621
vn -0.4884 -0.8169 0.3069
vn -0.5561 -0.8311 -0.0005
vn -0.4583 -0.8888 -0.0027
vn -0.3412 -0.9400 -0.0027
vn -0.4182 -0.8044 0.4220
vn -0.2609 -0.8379 0.4794
vn -0.1374 -0.8583 0.4945
vn -0.0312 -0.8975 0.4399
vn -0.0000 -0.9000 0.4359
vn 0.0313 -0.8973 0.4402
vn -0.1987 -0.9648 0.1720
vn -0.1353 -0.9701 0.2013
vn -0.0717 -0.9618 0.2641
vn 0.0067 -0.9548 0.2971
vn -0.0001 -0.9603 0.2791
vn -0.0066 -0.9549 0.2969
vn -0.0144 -0.9161 0.4006
vn -0.0194 -0.8955 0.4446
vn -0.0386 -0.8827 0.4684
vn 0.0149 -0.9161 0.4007
vn 0.0197 -0.8954 0.4449
vn 0.0390 -0.8823 0.4691
vn -0.0350 -0.9979 0.0543
vn -0.0000 -0.9985 0.0543
vn 0.0350 -0.9979 0.0543
vn 0.1011 -0.9812 0.1645
vn 0.1104 -0.9531 0.2817
vn 0.1136 -0.9158 0.3852
vn -0.1130 -0.9162 0.3846
vn -0.1102 -0.9532 0.2814
vn -0.1011 -0.9812 0.1644
vn -0.0346 -0.9961 -0.0807
vn -0.0000 -0.9967 -0.0806
vn 0.0346 -0.9961 -0.0807
vn 0.0979 -0.9917 -0.0839
vn 0.0982 -0.9928 -0.0684
vn 0.0981 -0.9948 -0.0261
vn -0.0981 -0.9948 -0.0261
vn -0.0982 -0.9928 -0.0684
vn -0.0979 -0.9917 -0.0839
vn -0.0309 -0.9988 -0.0385
vn -0.0000 -0.9993 -0.0381
vn 0.0309 -0.9988 -0.0385
vn 0.0897 -0.9948 -0.0490
vn 0.0927 -0.9939 -0.0590
vn 0.0952 -0.9930 -0.0700
vn -0.0952 -0.9930 -0.0700
vn -0.0927 -0.9939 -0.0590
vn -0.0897 -0.9948 -0.0490
vn -0.0272 -0.9995 -0.0130
vn -0.0000 -0.9999 -0.0127
vn 0.0272 -0.9995 -0.0130
vn 0.0782 -0.9968 -0.0187
vn 0.0806 -0.9964 -0.0244
vn 0.0835 -0.9960 -0.0314
vn -0.0835 -0.9960 -0.0314
vn -0.0806 -0.9964 -0.0244
vn -0.0782 -0.9968 -0.0187
vn -0.0271 -0.9996 0.0007
vn -0.0000 -1.0000 -0.0002
vn 0.0271 -0.9996 0.0007
vn 0.0747 -0.9972 -0.0003
vn 0.0744 -0.9972 -0.0058
vn 0.0749 -0.9971 -0.0105
vn -0.0749 -0.9971 -0.0105
vn -0.0744 -0.9972 -0.0058
vn -0.0747 -0.9972 -0.0003
vn -0.0333 -0.9994 0.0047
vn -0.0000 -1.0000 0.0003
vn 0.0333 -0.9994 0.0047
vn 0.0867 -0.9961 0.0161
vn 0.0818 -0.9966 0.0116
vn 0.0783 -0.9969 0.0078
vn -0.0783 -0.9969 0.0078
vn -0.0818 -0.9966 0.0116
vn -0.0867 -0.9961 0.0161
vn -0.0513 -0.9985 0.0183
vn -0.0000 -1.0000 0.0027
vn 0.0513 -0.9985 0.0183
vn 0.1229 -0.9906 0.0594
vn 0.1104 -0.9929 0.0435
vn 0.1007 -0.9944 0.0312
vn -0.1007 -0.9944 0.0312
vn -0.1104 -0.9929 0.0435
vn -0.1229 -0.9906 0.0594
vn -0.1009 -0.9209 0.3766
vn -0.0000 -0.9318 0.3630
vn 0.1009 -0.9209 0.3766
vn 0.2119 -0.9344 0.2864
vn 0.1888 -0.9651 0.1813
vn 0.1622 -0.9800 0.1153
vn -0.1622 -0.9800 0.1153
vn -0.1888 -0.9651 0.1813
vn -0.2119 -0.9344 0.2864
vn 0.2743 0.9446 -0.1804
vn -0.7083 0.5260 0.4709
vn -0.6376 -0.6523 0.4098
vn -0.2759 0.9439 -0.1812
vn 0.7072 0.5279 0.4703
vn 0.6399 -0.6494 0.4110
vn 0.1732 0.9580 0.2283
vn -0.5273 0.4657 -0.7107
vn -0.4284 -0.7092 -0.5599
vn -0.1732 0.9580 0.2283
vn 0.5273 0.4657 -0.7107
vn 0.4284 -0.7092 -0.5599
vn 0.3285 0.9445 -0.0031
vn -0.8475 0.5307 0.0096
vn -0.7575 -0.6528 0.0080
vn -0.3285 0.9445 -0.0031
vn 0.8475 0.5307 0.0096
vn 0.7575 -0.6528 0.0080
vn -0.1259 0.9417 -0.3121
vn -0.8941 0.2439 0.3757
vn -0.2501 -0.8304 0.4979
vn 0.1271 0.9419 -0.3108
vn 0.8933 0.2452 0.3766
vn 0.2525 -0.8285 0.4998
vn -0.3020 0.9519 -0.0517
vn -0.9996 0.0288 0.0033
vn -0.3053 -0.9508 0.0517
vn 0.3020 0.9519 -0.0517
vn 0.9996 0.0288 0.0033
vn 0.3053 -0.9508 0.0517
vn -0.3013 0.9507 0.0735
vn -0.9999 -0.0021 -0.0113
vn -0.3009 -0.9503 -0.0799
vn 0.3013 0.9507 0.0735
vn 0.9999 -0.0021 -0.0113
vn 0.3009 -0.9503 -0.0799
vn -0.2726 0.9617 0.0295
vn -0.9996 -0.0016 -0.0271
vn -0.2723 -0.9612 -0.0437
vn 0.2726 0.9617 0.0295
vn 0.9996 -0.0016 -0.0271
vn 0.2723 -0.9612 -0.0437
vn -0.2427 0.9701 0.0047
vn -0.9995 -0.0006 -0.0319
vn -0.2426 -0.9699 -0.0197
vn 0.2427 0.9701 0.0047
vn 0.9995 -0.0006 -0.0319
vn 0.2426 -0.9699 -0.0197
vn -0.2424 0.9700 0.0180
vn -0.9973 -0.0002 0.0730
vn -0.2424 -0.9700 0.0174
vn 0.2424 0.9700 0.0180
vn 0.9973 -0.0002 0.0730
vn 0.2424 -0.9700 0.0174
vn -0.2878 0.9538 0.0862
vn -0.9587 -0.0000 0.2845
vn -0.2878 -0.9538 0.0862
vn 0.2878 0.9538 0.0862
vn 0.9587 -0.0000 0.2845
vn 0.2878 -0.9538 0.0862
vn -0.3818 0.8854 0.2651
vn -0.8241 -0.0000 0.5664
vn -0.3818 -0.8854 0.2651
vn 0.3818 0.8854 0.2651
vn 0.8241 -0.0000 0.5664
vn 0.3818 -0.8854 0.2651
vn -0.3626 0.6317 0.6852
vn -0.4657 -0.0000 0.8850
vn -0.3626 -0.6316 0.6852
vn 0.3626 0.6316 0.6853
vn 0.4657 -0.0000 0.8850
vn 0.3626 -0.6316 0.6853
vn 0.0986 0.9949 0.0203
vn -0.0000 0.9999 0.0150
vn -0.0987 0.9949 0.0205
vn 0.1007 0.9932 0.0581
vn -0.0000 0.9987 0.0510
vn -0.1007 0.9932 0.0583
vn 0.0961 0.9876 0.1240
vn -0.0000 0.9926 0.1216
vn -0.0961 0.9876 0.1240
vn -0.0002 0.9991 -0.0414
vn 0.1562 0.9844 -0.0813
vn 0.0792 0.9915 -0.1030
vn 0.0334 0.9815 -0.1888
vn -0.0002 0.9898 -0.1424
vn -0.0343 0.9815 -0.1883
vn -0.0805 0.9915 -0.1021
vn -0.1585 0.9841 -0.0801
vn -0.1154 0.9928 -0.0310
vn -0.1003 0.9949 -0.0115
vn -0.0001 1.0000 -0.0090
vn 0.0998 0.9949 -0.0120
vn 0.1143 0.9929 -0.0318
vn -0.3457 0.9376 -0.0376
vn -0.3631 0.9284 -0.0794
vn -0.3817 0.9141 -0.1366
vn -0.4504 0.8909 -0.0593
vn -0.4619 0.8788 -0.1202
vn -0.4601 0.8689 -0.1826
vn -0.5124 0.8552 -0.0786
vn -0.5139 0.8452 -0.1471
vn -0.4998 0.8399 -0.2115
vn 0.1168 0.9370 0.3291
vn -0.0000 0.9407 0.3393
vn -0.1168 0.9370 0.3291
vn 0.1394 0.9061 0.3995
vn -0.0000 0.9080 0.4189
vn -0.1394 0.9061 0.3995
vn 0.1498 0.8870 0.4368
vn -0.0000 0.8885 0.4589
vn -0.1498 0.8870 0.4368
vn -0.2686 0.9288 -0.2554
vn -0.1736 0.9362 -0.3055
vn -0.0796 0.9277 -0.3648
vn -0.3173 0.8946 -0.3145
vn -0.1896 0.9070 -0.3759
vn -0.0707 0.9048 -0.4199
vn -0.3412 0.8742 -0.3456
vn -0.1967 0.8929 -0.4049
vn -0.0701 0.8957 -0.4391
vn 0.3347 0.9407 0.0548
vn 0.3276 0.9372 0.1201
vn 0.3025 0.9320 0.1996
vn 0.4320 0.8989 0.0737
vn 0.4127 0.8975 0.1556
vn 0.3652 0.8973 0.2481
vn 0.4892 0.8680 0.0850
vn 0.4585 0.8708 0.1773
vn 0.3972 0.8753 0.2759
vn -0.3025 0.9320 0.1996
vn -0.3277 0.9371 0.1202
vn -0.3349 0.9406 0.0550
vn -0.3652 0.8973 0.2481
vn -0.4127 0.8975 0.1556
vn -0.4321 0.8988 0.0737
vn -0.3972 0.8753 0.2759
vn -0.4585 0.8708 0.1773
vn -0.4892 0.8680 0.0851
vn 0.3781 0.9155 -0.1373
vn 0.3610 0.9291 -0.0800
vn 0.3445 0.9380 -0.0380
vn 0.4570 0.8704 -0.1829
vn 0.4602 0.8796 -0.1204
vn 0.4495 0.8913 -0.0595
vn 0.4976 0.8412 -0.2116
vn 0.5129 0.8458 -0.1472
vn 0.5120 0.8554 -0.0787
vn 0.0003 0.8938 -0.4485
vn 0.0049 0.8999 -0.4361
vn 0.0143 0.9205 -0.3906
vn -0.0000 0.8940 -0.4480
vn -0.0000 0.9015 -0.4328
vn 0.0001 0.9247 -0.3807
vn -0.0003 0.8938 -0.4486
vn -0.0049 0.8998 -0.4362
vn -0.0142 0.9204 -0.3907
vn 0.0691 0.8962 -0.4382
vn 0.0692 0.9052 -0.4193
vn 0.0776 0.9279 -0.3646
vn 0.1937 0.8943 -0.4033
vn 0.1858 0.9082 -0.3751
vn 0.1696 0.9369 -0.3056
vn 0.3368 0.8764 -0.3443
vn 0.3121 0.8966 -0.3142
vn 0.2635 0.9301 -0.2560
vn 0.0188 0.9291 -0.3693
vn -0.0000 0.9282 -0.3722
vn -0.0188 0.9291 -0.3694
vn 0.0283 0.9602 -0.2778
vn -0.0000 0.9600 -0.2800
vn -0.0283 0.9602 -0.2779
vn 0.0337 0.9855 -0.1660
vn -0.0000 0.9860 -0.1667
vn -0.0337 0.9855 -0.1660
vn 0.0350 0.9991 0.0249
vn -0.0000 0.9997 0.0249
vn -0.0350 0.9991 0.0249
vn 0.0350 0.9971 0.0675
vn -0.0000 0.9977 0.0676
vn -0.0350 0.9971 0.0675
vn 0.0350 0.9959 0.0831
vn -0.0000 0.9965 0.0832
vn -0.0350 0.9959 0.0831
vn 0.0340 0.9971 0.0688
vn -0.0000 0.9976 0.0690
vn -0.0340 0.9971 0.0688
vn 0.0331 0.9978 0.0574
vn -0.0000 0.9983 0.0577
vn -0.0331 0.9978 0.0574
vn 0.0320 0.9984 0.0472
vn -0.0000 0.9989 0.0475
vn -0.0320 0.9984 0.0472
vn 0.0298 0.9991 0.0291
vn -0.0000 0.9996 0.0295
vn -0.0298 0.9991 0.0291
vn 0.0288 0.9993 0.0219
vn -0.0000 0.9998 0.0223
vn -0.0288 0.9993 0.0219
vn 0.0279 0.9995 0.0163
vn -0.0000 0.9999 0.0167
vn -0.0279 0.9995 0.0163
vn 0.0267 0.9996 0.0087
vn -0.0000 1.0000 0.0090
vn -0.0267 0.9996 0.0087
vn 0.0265 0.9996 0.0052
vn -0.0000 1.0000 0.0053
vn -0.0265 0.9996 0.0052
vn 0.0266 0.9996 0.0023
vn -0.0000 1.0000 0.0020
vn -0.0266 0.9996 0.0023
vn 0.0279 0.9996 0.0017
vn -0.0000 1.0000 0.0001
vn -0.0279 0.9996 0.0017
vn 0.0293 0.9996 0.0024
vn -0.0000 1.0000 0.0002
vn -0.0293 0.9996 0.0024
vn 0.0310 0.9995 0.0034
vn -0.0310 0.9995 0.0034
vn 0.0362 0.9993 0.0065
vn -0.0362 0.9993 0.0065
vn 0.0399 0.9992 0.0090
vn -0.0000 1.0000 0.0006
vn -0.0399 0.9992 0.0090
vn 0.0447 0.9989 0.0125
vn -0.0000 1.0000 0.0008
vn -0.0447 0.9989 0.0125
vn 0.0603 0.9975 0.0358
vn -0.0000 0.9999 0.0157
vn -0.0603 0.9975 0.0358
vn 0.0717 0.9941 0.0808
vn -0.0000 0.9984 0.0559
vn -0.0717 0.9942 0.0808
vn 0.0812 0.9817 0.1724
vn -0.0000 0.9885 0.1511
vn -0.0812 0.9817 0.1724
vn -0.0977 -0.9950 -0.0201
vn -0.0997 -0.9933 -0.0577
vn -0.0951 -0.9878 -0.1233
vn -0.0000 -0.9999 -0.0148
vn -0.0000 -0.9987 -0.0506
vn -0.0000 -0.9927 -0.1208
vn 0.0978 -0.9950 -0.0203
vn 0.0997 -0.9933 -0.0579
vn 0.0951 -0.9878 -0.1233
vn 0.0002 -0.9992 0.0406
vn -0.1552 -0.9846 0.0808
vn -0.1135 -0.9930 0.0314
vn -0.0990 -0.9950 0.0118
vn 0.0001 -1.0000 0.0087
vn 0.0995 -0.9950 0.0113
vn 0.1146 -0.9929 0.0306
vn 0.1575 -0.9843 0.0797
vn 0.0804 -0.9916 0.1011
vn 0.0350 -0.9818 0.1865
vn 0.0002 -0.9900 0.1407
vn -0.0340 -0.9818 0.1870
vn -0.0792 -0.9916 0.1019
vn 0.3492 -0.9363 0.0381
vn 0.4688 -0.8811 0.0621
vn 0.5641 -0.8211 0.0871
vn 0.3668 -0.9268 0.0805
vn 0.4805 -0.8679 0.1257
vn 0.5645 -0.8093 0.1625
vn 0.3858 -0.9121 0.1389
vn 0.4788 -0.8569 0.1912
vn 0.5485 -0.8028 0.2336
vn -0.1177 -0.9351 -0.3342
vn -0.1452 -0.8966 -0.4183
vn -0.1657 -0.8587 -0.4849
vn -0.0000 -0.9389 -0.3441
vn -0.0000 -0.8989 -0.4381
vn -0.0000 -0.8607 -0.5091
vn 0.1177 -0.9351 -0.3342
vn 0.1452 -0.8966 -0.4183
vn 0.1657 -0.8587 -0.4849
vn 0.2711 -0.9268 0.2598
vn 0.3308 -0.8844 0.3293
vn 0.3786 -0.8430 0.3820
vn 0.1763 -0.9346 0.3090
vn 0.2004 -0.8984 0.3909
vn 0.2270 -0.8668 0.4439
vn 0.0834 -0.9263 0.3673
vn 0.0803 -0.8977 0.4332
vn 0.0963 -0.8751 0.4743
vn -0.3382 -0.9394 -0.0555
vn -0.4500 -0.8897 -0.0770
vn -0.5400 -0.8364 -0.0943
vn -0.3311 -0.9357 -0.1217
vn -0.4301 -0.8880 -0.1627
vn -0.5064 -0.8396 -0.1966
vn -0.3059 -0.9302 -0.2026
vn -0.3811 -0.8873 -0.2598
vn -0.4392 -0.8446 -0.3063
vn 0.3059 -0.9302 -0.2026
vn 0.3811 -0.8873 -0.2598
vn 0.4392 -0.8446 -0.3063
vn 0.3311 -0.9357 -0.1218
vn 0.4301 -0.8880 -0.1627
vn 0.5064 -0.8396 -0.1966
vn 0.3384 -0.9394 -0.0557
vn 0.4502 -0.8896 -0.0771
vn 0.5401 -0.8363 -0.0943
vn -0.3823 -0.9135 0.1396
vn -0.4757 -0.8585 0.1915
vn -0.5463 -0.8043 0.2337
vn -0.3647 -0.9276 0.0812
vn -0.4788 -0.8688 0.1260
vn -0.5635 -0.8099 0.1627
vn -0.3481 -0.9367 0.0386
vn -0.4680 -0.8815 0.0623
vn -0.5637 -0.8214 0.0872
vn 0.0129 -0.8894 0.4570
vn -0.0000 -0.8913 0.4534
vn -0.0128 -0.8895 0.4568
vn -0.0004 -0.8979 0.4401
vn -0.0000 -0.9003 0.4352
vn 0.0004 -0.8979 0.4401
vn -0.0130 -0.9205 0.3906
vn -0.0000 -0.9250 0.3801
vn 0.0129 -0.9204 0.3907
vn -0.0949 -0.8759 0.4730
vn -0.2237 -0.8686 0.4421
vn -0.3740 -0.8457 0.3807
vn -0.0787 -0.8982 0.4325
vn -0.1964 -0.8996 0.3900
vn -0.3255 -0.8865 0.3290
vn -0.0813 -0.9266 0.3671
vn -0.1723 -0.9353 0.3091
vn -0.2661 -0.9281 0.2604
vn 0.0384 -0.9248 0.3784
vn 0.0376 -0.9586 0.2824
vn 0.0356 -0.9855 0.1662
vn -0.0000 -0.9261 0.3773
vn -0.0000 -0.9593 0.2822
vn -0.0000 -0.9861 0.1662
vn -0.0383 -0.9250 0.3782
vn -0.0376 -0.9586 0.2823
vn -0.0356 -0.9855 0.1661
vn 0.0350 -0.9990 -0.0262
vn 0.0350 -0.9970 -0.0686
vn 0.0350 -0.9959 -0.0839
vn -0.0000 -0.9997 -0.0263
vn -0.0000 -0.9976 -0.0686
vn -0.0000 -0.9965 -0.0839
vn -0.0350 -0.9990 -0.0262
vn -0.0350 -0.9970 -0.0686
vn -0.0350 -0.9959 -0.0839
vn 0.0340 -0.9970 -0.0694
vn 0.0331 -0.9978 -0.0581
vn 0.0320 -0.9983 -0.0479
vn -0.0000 -0.9976 -0.0692
vn -0.0000 -0.9983 -0.0579
vn -0.0000 -0.9989 -0.0477
vn -0.0340 -0.9970 -0.0694
vn -0.0331 -0.9978 -0.0581
vn -0.0320 -0.9983 -0.0479
vn 0.0298 -0.9991 -0.0300
vn 0.0288 -0.9993 -0.0228
vn 0.0279 -0.9995 -0.0172
vn -0.0000 -0.9996 -0.0296
vn -0.0000 -0.9997 -0.0225
vn -0.0000 -0.9999 -0.0168
vn -0.0298 -0.9991 -0.0300
vn -0.0288 -0.9993 -0.0228
vn -0.0279 -0.9995 -0.0172
vn 0.0267 -0.9996 -0.0094
vn 0.0265 -0.9996 -0.0054
vn 0.0266 -0.9996 -0.0016
vn -0.0000 -1.0000 -0.0091
vn -0.0000 -1.0000 -0.0053
vn -0.0000 -1.0000 -0.0019
vn -0.0267 -0.9996 -0.0094
vn -0.0265 -0.9996 -0.0054
vn -0.0266 -0.9996 -0.0016
vn 0.0279 -0.9996 0.0017
vn 0.0293 -0.9996 0.0024
vn 0.0310 -0.9995 0.0034
vn -0.0000 -1.0000 0.0001
vn -0.0000 -1.0000 0.0002
vn -0.0279 -0.9996 0.0017
vn -0.0293 -0.9996 0.0024
vn -0.0310 -0.9995 0.0034
vn 0.0362 -0.9993 0.0065
vn 0.0399 -0.9992 0.0090
vn 0.0447 -0.9989 0.0125
vn -0.0000 -1.0000 0.0004
vn -0.0000 -1.0000 0.0006
vn -0.0000 -1.0000 0.0008
vn -0.0362 -0.9993 0.0065
vn -0.0399 -0.9992 0.0090
vn -0.0447 -0.9989 0.0125
vn 0.0603 -0.9975 0.0358
vn 0.0717 -0.9942 0.0808
vn 0.0812 -0.9817 0.1724
vn -0.0000 -0.9999 0.0157
vn -0.0000 -0.9984 0.0559
vn -0.0000 -0.9885 0.1512
vn -0.0603 -0.9975 0.0358
vn -0.0717 -0.9942 0.0808
vn -0.0812 -0.9817 0.1724
vn 0.3143 0.9384 -0.1433
vn 0.3301 0.9382 -0.1041
vn 0.3338 0.9408 -0.0583
vn -0.7563 0.5501 0.3541
vn -0.7925 0.5529 0.2572
vn -0.8254 0.5446 0.1491
vn -0.7064 -0.6317 0.3194
vn -0.7404 -0.6308 0.2323
vn -0.7571 -0.6398 0.1320
vn -0.1976 0.9557 -0.2180
vn -0.0838 0.9647 -0.2497
vn 0.0360 0.9584 -0.2830
vn 0.6342 0.4806 0.6057
vn 0.5784 0.4253 0.6961
vn 0.6796 0.3606 0.6389
vn 0.5137 -0.6928 0.5061
vn 0.3515 -0.7440 0.5683
vn 0.2436 -0.7874 0.5663
vn -0.2428 0.9542 0.1748
vn -0.2886 0.9504 0.1157
vn -0.3151 0.9474 0.0560
vn 0.7036 0.4855 -0.5188
vn 0.7986 0.5048 -0.3278
vn 0.8410 0.5189 -0.1530
vn 0.5862 -0.6937 -0.4185
vn 0.6825 -0.6787 -0.2714
vn 0.7350 -0.6656 -0.1294
vn 0.0889 0.9598 0.2663
vn -0.0000 0.9601 0.2796
vn -0.0889 0.9598 0.2663
vn -0.2769 0.4578 -0.8448
vn -0.0000 0.4564 -0.8898
vn 0.2769 0.4578 -0.8448
vn -0.2213 -0.7193 -0.6585
vn -0.0000 -0.7223 -0.6915
vn 0.2213 -0.7193 -0.6585
vn 0.3151 0.9474 0.0560
vn 0.2886 0.9504 0.1157
vn 0.2428 0.9542 0.1748
vn -0.8410 0.5189 -0.1530
vn -0.7986 0.5048 -0.3278
vn -0.7036 0.4855 -0.5188
vn -0.7350 -0.6656 -0.1294
vn -0.6825 -0.6787 -0.2714
vn -0.5862 -0.6937 -0.4185
vn -0.3339 0.9408 -0.0583
vn -0.3304 0.9381 -0.1041
vn -0.3152 0.9381 -0.1435
vn 0.8253 0.5446 0.1491
vn 0.7924 0.5532 0.2571
vn 0.7558 0.5510 0.3538
vn 0.7572 -0.6398 0.1320
vn 0.7407 -0.6303 0.2323
vn 0.7075 -0.6302 0.3197
vn -0.0357 0.9583 -0.2835
vn 0.0831 0.9650 -0.2487
vn 0.1959 0.9564 -0.2165
vn -0.6801 0.3591 0.6391
vn -0.5795 0.4229 0.6966
vn -0.6355 0.4779 0.6065
vn -0.2418 -0.7897 0.5638
vn -0.3492 -0.7473 0.5654
vn -0.5108 -0.6967 0.5037
vn 0.2223 0.9307 -0.2906
vn 0.2726 0.9328 -0.2358
vn 0.2960 0.9436 -0.1480
vn 0.9763 0.1440 0.1617
vn 0.9953 0.0763 0.0593
vn 0.9991 0.0405 0.0156
vn 0.3144 -0.8612 0.3993
vn 0.3226 -0.9049 0.2777
vn 0.3092 -0.9377 0.1583
vn -0.2959 0.9437 -0.1481
vn -0.2720 0.9329 -0.2362
vn -0.2207 0.9307 -0.2916
vn -0.9991 0.0404 0.0153
vn -0.9954 0.0760 0.0583
vn -0.9767 0.1430 0.1600
vn -0.3091 -0.9378 0.1582
vn -0.3218 -0.9053 0.2773
vn -0.3124 -0.8624 0.3983
vn 0.3031 0.9527 0.0235
vn 0.3039 0.9506 0.0637
vn 0.3037 0.9496 0.0776
vn 0.9999 0.0165 0.0010
vn 1.0000 0.0076 -0.0021
vn 1.0000 0.0017 -0.0065
vn 0.3048 -0.9521 -0.0253
vn 0.3047 -0.9502 -0.0662
vn 0.3037 -0.9493 -0.0817
vn -0.3037 0.9496 0.0776
vn -0.3039 0.9506 0.0637
vn -0.3031 0.9527 0.0235
vn -1.0000 0.0017 -0.0065
vn -1.0000 0.0076 -0.0021
vn -0.9999 0.0165 0.0010
vn -0.3037 -0.9493 -0.0817
vn -0.3047 -0.9502 -0.0662
vn -0.3048 -0.9521 -0.0253
vn 0.2964 0.9531 0.0616
vn 0.2894 0.9559 0.0498
vn 0.2813 0.9588 0.0393
vn 0.9999 -0.0024 -0.0156
vn 0.9998 -0.0019 -0.0199
vn 0.9997 -0.0017 -0.0236
vn 0.2959 -0.9526 -0.0703
vn 0.2891 -0.9554 -0.0608
vn 0.2810 -0.9583 -0.0521
vn -0.2813 0.9588 0.0393
vn -0.2894 0.9559 0.0498
vn -0.2964 0.9531 0.0616
vn -0.9997 -0.0017 -0.0236
vn -0.9998 -0.0019 -0.0199
vn -0.9999 -0.0024 -0.0156
vn -0.2810 -0.9583 -0.0521
vn -0.2891 -0.9554 -0.0608
vn -0.2959 -0.9526 -0.0703
vn 0.2638 0.9644 0.0208
vn 0.2556 0.9667 0.0137
vn 0.2484 0.9686 0.0083
vn 0.9995 -0.0014 -0.0301
vn 0.9995 -0.0012 -0.0322
vn 0.9995 -0.0009 -0.0331
vn 0.2636 -0.9640 -0.0361
vn 0.2554 -0.9664 -0.0296
vn 0.2483 -0.9684 -0.0242
vn -0.2484 0.9686 0.0083
vn -0.2556 0.9667 0.0137
vn -0.2638 0.9644 0.0208
vn -0.9995 -0.0009 -0.0331
vn -0.9995 -0.0012 -0.0322
vn -0.9995 -0.0014 -0.0301
vn -0.2483 -0.9684 -0.0242
vn -0.2554 -0.9664 -0.0296
vn -0.2636 -0.9640 -0.0361
vn 0.2390 0.9710 0.0029
vn 0.2377 0.9713 0.0034
vn 0.2388 0.9710 0.0082
vn 0.9997 -0.0009 -0.0253
vn 1.0000 -0.0011 -0.0076
vn 0.9996 -0.0009 0.0266
vn 0.2390 -0.9709 -0.0147
vn 0.2376 -0.9713 -0.0069
vn 0.2387 -0.9711 0.0044
vn -0.2388 0.9710 0.0082
vn -0.2377 0.9713 0.0034
vn -0.2390 0.9710 0.0029
vn -0.9996 -0.0009 0.0266
vn -1.0000 -0.0011 -0.0076
vn -0.9997 -0.0009 -0.0253
vn -0.2387 -0.9711 0.0044
vn -0.2376 -0.9713 -0.0069
vn -0.2390 -0.9709 -0.0147
vn 0.2488 0.9681 0.0308
vn 0.2585 0.9649 0.0454
vn 0.2716 0.9604 0.0629
vn 0.9924 -0.0000 0.1233
vn 0.9849 -0.0000 0.1732
vn 0.9743 -0.0000 0.2254
vn 0.2488 -0.9681 0.0308
vn 0.2585 -0.9649 0.0454
vn 0.2716 -0.9604 0.0629
vn -0.2716 0.9604 0.0629
vn -0.2585 0.9649 0.0454
vn -0.2488 0.9681 0.0308
vn -0.9743 -0.0000 0.2254
vn -0.9849 -0.0000 0.1732
vn -0.9924 -0.0000 0.1233
vn -0.2716 -0.9604 0.0629
vn -0.2585 -0.9649 0.0454
vn -0.2488 -0.9681 0.0308
vn 0.3068 0.9444 0.1182
vn 0.3283 0.9309 0.1604
vn 0.3526 0.9118 0.2104
vn 0.9352 -0.0000 0.3541
vn 0.9023 -0.0000 0.4310
vn 0.8631 -0.0000 0.5051
vn 0.3068 -0.9444 0.1182
vn 0.3283 -0.9309 0.1604
vn 0.3526 -0.9118 0.2104
vn -0.3526 0.9118 0.2104
vn -0.3283 0.9309 0.1604
vn -0.3068 0.9444 0.1182
vn -0.8631 -0.0000 0.5051
vn -0.9023 -0.0000 0.4310
vn -0.9352 -0.0000 0.3541
vn -0.3526 -0.9118 0.2104
vn -0.3283 -0.9309 0.1604
vn -0.3068 -0.9444 0.1182
vn 0.1769 0.6599 0.7302
vn -0.0000 0.6783 0.7347
vn -0.1769 0.6599 0.7302
vn 0.2381 -0.0001 0.9712
vn -0.0000 -0.0000 1.0000
vn -0.2381 -0.0000 0.9712
vn 0.1769 -0.6600 0.7302
vn -0.0000 -0.6783 0.7347
vn -0.1769 -0.6599 0.7302
vn 0.4160 0.8459 0.3336
vn 0.4413 0.7885 0.4284
vn 0.4342 0.7127 0.5510
vn 0.7849 -0.0000 0.6196
vn 0.7282 -0.0000 0.6853
vn 0.6316 -0.0000 0.7753
vn 0.4160 -0.8460 0.3336
vn 0.4413 -0.7885 0.4284
vn 0.4342 -0.7127 0.5510
vn -0.4342 0.7127 0.5509
vn -0.4413 0.7885 0.4284
vn -0.4160 0.8459 0.3336
vn -0.6317 -0.0000 0.7753
vn -0.7282 -0.0000 0.6853
vn -0.7849 -0.0000 0.6196
vn -0.4342 -0.7127 0.5509
vn -0.4413 -0.7885 0.4284
vn -0.4160 -0.8460 0.3336
vt 0.500437 0.614571
vt 0.325673 0.733435
vt 0.319043 0.616112
vt 0.674535 0.733435
vt 0.500130 0.734279
vt 0.340952 0.826969
vt 0.659074 0.826969
vt 0.500016 0.831320
vt 0.167127 0.490741
vt 0.168645 0.619116
vt 0.318543 0.483218
vt 0.683127 0.483218
vt 0.501036 0.479167
vt 0.833794 0.490741
vt 0.681661 0.616112
vt 0.819116 0.733025
vt 0.788258 0.822041
vt 0.750000 0.875000
vt 0.648325 0.893233
vt 0.500000 0.902392
vt 0.351675 0.893233
vt 0.250000 0.875000
vt 0.211757 0.822041
vt 0.180999 0.733025
vt 0.356830 0.104910
vt 0.301398 0.222197
vt 0.253183 0.138174
vt 0.506103 0.084516
vt 0.409903 0.066894
vt 0.652158 0.104910
vt 0.602118 0.066894
vt 0.703522 0.222197
vt 0.652158 0.104910
vt 0.752886 0.138174
vt 0.502035 0.335149
vt 0.703522 0.222197
vt 0.685725 0.345423
vt 0.301398 0.222197
vt 0.317464 0.345423
vt 0.145313 0.111111
vt 0.150410 0.159402
vt 0.201470 0.086272
vt 0.161569 0.244534
vt 0.430353 0.036938
vt 0.336380 0.038963
vt 0.374735 0.027778
vt 0.507116 0.043467
vt 0.276286 0.059671
vt 0.674846 0.038963
vt 0.583344 0.036938
vt 0.637846 0.027778
vt 0.732547 0.059671
vt 0.507116 0.043467
vt 0.859138 0.111111
vt 0.804822 0.086272
vt 0.853326 0.159402
vt 0.683127 0.483218
vt 0.835020 0.360139
vt 0.833794 0.490741
vt 0.501036 0.479167
vt 0.841185 0.244534
vt 0.166735 0.360139
vt 0.318543 0.483218
vt 0.161569 0.244534
vt 0.928265 0.255186
vt 0.978561 0.374359
vt 0.929807 0.369667
vt 0.921851 0.164018
vt 0.973615 0.259050
vt 0.996537 0.376059
vt 0.959489 0.161762
vt 0.990440 0.260246
vt 0.833794 0.490741
vt 0.929882 0.496094
vt 0.835020 0.360139
vt 0.853326 0.159402
vt 0.898894 0.098783
vt 0.928906 0.088284
vt 0.973800 0.160357
vt 0.941014 0.083952
vt 0.975956 0.160156
vt 0.992876 0.260417
vt 0.999110 0.376302
vt 1.000000 0.500000
vt 0.997403 0.499855
vt 0.979224 0.498843
vt 0.500000 0.946663
vt 0.325569 0.954499
vt 0.340939 0.933378
vt 0.674431 0.954500
vt 0.500000 0.969522
vt 0.318691 0.962411
vt 0.681309 0.962411
vt 0.500000 0.977961
vt 0.211749 0.894125
vt 0.659061 0.933378
vt 0.819059 0.909529
vt 0.831549 0.915775
vt 0.833333 0.916667
vt 0.682292 0.963542
vt 0.500000 0.979167
vt 0.317708 0.963542
vt 0.166667 0.916667
vt 0.168451 0.915775
vt 0.180941 0.909529
vt 0.782517 0.031387
vt 0.876834 0.041618
vt 0.848501 0.056779
vt 0.715890 0.018123
vt 0.809591 0.016654
vt 0.888415 0.035964
vt 0.735378 0.006390
vt 0.820407 0.011196
vt 0.804822 0.086272
vt 0.732547 0.059671
vt 0.674846 0.038963
vt 0.658557 0.004372
vt 0.743125 0.001938
vt 0.661900 0.000547
vt 0.747714 0.001302
vt 0.823548 0.010417
vt 0.890671 0.035156
vt 0.943006 0.083333
vt 0.088518 0.735213
vt 0.023365 0.623041
vt 0.072667 0.621565
vt 0.130975 0.827682
vt 0.040902 0.738088
vt 0.005199 0.623616
vt 0.088494 0.835727
vt 0.023342 0.739397
vt 0.168645 0.619117
vt 0.070507 0.496094
vt 0.167127 0.490741
vt 0.211757 0.822041
vt 0.072585 0.839329
vt 0.070313 0.839844
vt 0.020833 0.739583
vt 0.002604 0.623698
vt 0.000000 0.500000
vt 0.002611 0.499855
vt 0.020891 0.498843
vt 0.869031 0.827682
vt 0.959112 0.738088
vt 0.911508 0.835727
vt 0.911531 0.735213
vt 0.976683 0.623041
vt 0.976660 0.739397
vt 0.927415 0.839329
vt 0.994807 0.623616
vt 0.788251 0.894125
vt 0.819116 0.733025
vt 0.927497 0.621565
vt 0.831743 0.619117
vt 0.997396 0.623698
vt 0.979167 0.739583
vt 0.929688 0.839844
vt 0.080303 0.164018
vt 0.026924 0.259050
vt 0.041646 0.161762
vt 0.073062 0.255186
vt 0.021683 0.374359
vt 0.009748 0.260246
vt 0.026746 0.160357
vt 0.003508 0.376059
vt 0.104526 0.098783
vt 0.150410 0.159402
vt 0.166735 0.360139
vt 0.070954 0.369667
vt 0.000899 0.376302
vt 0.007194 0.260417
vt 0.024280 0.160156
vt 0.060221 0.083952
vt 0.057552 0.083333
vt 0.073298 0.088284
vt 0.581858 0.005015
vt 0.503341 0.000707
vt 0.581860 0.000627
vt 0.580437 0.016559
vt 0.505328 0.005658
vt 0.428380 0.005015
vt 0.424494 0.000627
vt 0.432531 0.016559
vt 0.661900 0.000547
vt 0.578250 0.000000
vt 0.662132 0.000000
vt 0.650010 0.014184
vt 0.506757 0.018872
vt 0.430353 0.036938
vt 0.361603 0.014184
vt 0.350581 0.004372
vt 0.343654 0.000547
vt 0.424427 0.000000
vt 0.339606 0.000000
vt 0.501481 0.000000
vt 0.272197 0.006390
vt 0.183105 0.011196
vt 0.261499 0.001938
vt 0.293930 0.018123
vt 0.196146 0.016654
vt 0.113881 0.035964
vt 0.225131 0.031387
vt 0.126999 0.041618
vt 0.254166 0.001302
vt 0.156858 0.056779
vt 0.201470 0.086272
vt 0.104526 0.098783
vt 0.073298 0.088284
vt 0.057552 0.083333
vt 0.110377 0.035156
vt 0.178007 0.010417
vt 0.500315 0.000000
vt 0.561513 0.000000
vt 0.568982 0.000000
vt 0.437941 0.000000
vt 0.499751 0.000000
vt 0.558507 0.000000
vt 0.440584 0.000000
vt 0.499548 0.000000
vt 0.578250 0.000000
vt 0.626768 0.000000
vt 0.431493 0.000000
vt 0.373306 0.000000
vt 0.386934 0.000000
vt 0.391754 0.000000
vt 0.440962 0.000000
vt 0.499519 0.000000
vt 0.558077 0.000000
vt 0.607323 0.000000
vt 0.606597 0.000000
vt 0.612407 0.000000
vt 0.499519 0.000000
vt 0.558077 0.000000
vt 0.440962 0.000000
vt 0.558077 0.000000
vt 0.440962 0.000000
vt 0.606597 0.000000
vt 0.392442 0.000000
vt 0.606596 0.000000
vt 0.606597 0.000000
vt 0.555552 0.000000
vt 0.557762 0.000000
vt 0.443487 0.000000
vt 0.550615 0.000000
vt 0.448424 0.000000
vt 0.606023 0.000000
vt 0.441277 0.000000
vt 0.393016 0.000000
vt 0.397028 0.000000
vt 0.406924 0.000000
vt 0.419212 0.000000
vt 0.451873 0.000000
vt 0.547166 0.000000
vt 0.579827 0.000000
vt 0.592115 0.000000
vt 0.602011 0.000000
vt 0.250079 0.748409
vt 0.500389 0.617188
vt 0.250267 0.619629
vt 0.250010 0.874801
vt 0.500115 0.747685
vt 0.750079 0.748409
vt 0.750267 0.619629
vt 0.750010 0.874801
vt 0.000000 0.500000
vt 0.250633 0.487269
vt 0.000000 0.750000
vt 0.000000 0.625000
vt 0.000000 0.875000
vt 0.000000 1.000000
vt 0.250000 1.000000
vt 0.500014 0.874711
vt 0.750000 1.000000
vt 1.000000 1.000000
vt 1.000000 0.875000
vt 1.000000 0.750000
vt 1.000000 0.625000
vt 1.000000 0.500000
vt 0.750633 0.487269
vt 0.500921 0.481482
vt 0.229075 0.218581
vt 0.311432 0.077124
vt 0.167549 0.104577
vt 0.501872 0.337794
vt 0.249025 0.351141
vt 0.774915 0.218581
vt 0.753435 0.351141
vt 0.699527 0.077124
vt 0.837678 0.104577
vt 0.508598 0.059799
vt 0.625501 0.038749
vt 0.311432 0.077124
vt 0.508598 0.059799
vt 0.392235 0.038749
vt 0.000000 0.000000
vt 0.094335 0.000000
vt 0.000000 0.125000
vt 0.188670 0.000000
vt 0.250633 0.487269
vt 0.000000 0.375000
vt 0.500921 0.481482
vt 0.000000 0.250000
vt 1.000000 0.375000
vt 0.750633 0.487269
vt 1.000000 0.250000
vt 0.500921 0.481482
vt 1.000000 0.000000
vt 1.000000 0.125000
vt 0.911883 0.000000
vt 0.579984 0.000000
vt 0.735649 0.000000
vt 0.647532 0.000000
vt 0.512436 0.000000
vt 0.823766 0.000000
vt 0.283005 0.000000
vt 0.444888 0.000000
vt 0.377340 0.000000
vt 0.999251 0.376085
vt 0.996547 0.254991
vt 0.999568 0.375624
vt 0.999124 0.376275
vt 0.994007 0.258681
vt 0.987044 0.143690
vt 0.992988 0.260200
vt 0.979160 0.155165
vt 1.000000 0.500000
vt 0.999110 0.376302
vt 0.992876 0.260417
vt 0.976259 0.159532
vt 0.975956 0.160156
vt 0.943295 0.082465
vt 0.947157 0.076389
vt 0.959521 0.058160
vt 1.000000 0.000000
vt 0.308160 0.968750
vt 0.500000 0.990017
vt 0.286133 0.980686
vt 0.316515 0.964193
vt 0.500000 0.982639
vt 0.691840 0.968750
vt 0.713867 0.980686
vt 0.683485 0.964193
vt 0.000000 1.000000
vt 0.152778 0.923611
vt 0.116319 0.941840
vt 0.164931 0.917535
vt 0.166667 0.916667
vt 0.500000 0.979601
vt 0.682292 0.963542
vt 0.833333 0.916667
vt 0.835070 0.917535
vt 0.847222 0.923611
vt 0.883681 0.941840
vt 1.000000 1.000000
vt 0.500000 1.000000
vt 0.892650 0.030165
vt 0.822363 0.004991
vt 0.899768 0.018690
vt 0.890392 0.034532
vt 0.821568 0.008681
vt 0.739518 0.000624
vt 0.821904 0.010200
vt 0.742198 0.001085
vt 0.743977 0.001275
vt 0.662204 0.000000
vt 0.660989 0.000000
vt 0.657587 0.000000
vt 0.647532 0.000000
vt 0.002170 0.623915
vt 0.009983 0.745009
vt 0.001248 0.624376
vt 0.002550 0.623725
vt 0.017361 0.741320
vt 0.037381 0.856310
vt 0.020399 0.739800
vt 0.060330 0.844835
vt 0.002604 0.623698
vt 0.069065 0.840468
vt 0.962619 0.856310
vt 0.982639 0.741320
vt 0.990017 0.745009
vt 0.939670 0.844835
vt 0.979601 0.739800
vt 0.997830 0.623915
vt 0.998752 0.624376
vt 0.997450 0.623725
vt 0.930936 0.840468
vt 0.979167 0.739583
vt 1.000000 0.750000
vt 0.013437 0.143690
vt 0.006167 0.258681
vt 0.003569 0.254991
vt 0.021470 0.155165
vt 0.007153 0.260200
vt 0.000771 0.376085
vt 0.000446 0.375624
vt 0.000894 0.376275
vt 0.042307 0.058160
vt 0.054580 0.076389
vt 0.024224 0.159532
vt 0.057881 0.082465
vt 0.024280 0.160156
vt 0.007194 0.260417
vt 0.503430 0.000000
vt 0.582556 0.000000
vt 0.581947 0.000000
vt 0.429198 0.000000
vt 0.506044 0.000000
vt 0.581831 0.000000
vt 0.436144 0.000000
vt 0.509122 0.000000
vt 0.662204 0.000000
vt 0.424596 0.000000
vt 0.343538 0.000000
vt 0.349651 0.000000
vt 0.359051 0.000000
vt 0.377340 0.000000
vt 0.657587 0.000000
vt 0.181668 0.010200
vt 0.266479 0.001085
vt 0.260785 0.001275
vt 0.111891 0.034532
vt 0.184650 0.008681
vt 0.273866 0.000624
vt 0.111078 0.030165
vt 0.186874 0.004991
vt 0.254166 0.001302
vt 0.105318 0.018690
vt 0.042307 0.058160
vt 0.500315 0.000000
vt 0.568982 0.000000
vt 0.499751 0.000000
vt 0.440584 0.000000
vt 0.626768 0.000000
vt 0.607323 0.000000
vt 0.392442 0.000000
vt 0.391754 0.000000
vt 0.373306 0.000000
vt 0.558077 0.000000
vt 0.392442 0.000000
vt 0.555552 0.000000
vt 0.448424 0.000000
vt 0.592115 0.000000
vt 0.547166 0.000000
vt 0.499520 0.000000
vt 0.451873 0.000000
vt 0.406924 0.000000
vt 0.397028 0.000000
vt 0.024026 0.160156
vt 0.007094 0.260417
vt 0.023942 0.160156
vt 0.007119 0.260417
vt 0.000887 0.376302
vt 0.024026 0.160156
vt 0.007119 0.260417
vt 0.057552 0.083333
vt 0.056951 0.083333
vt 0.024280 0.160156
vt 0.007194 0.260417
vt 0.000890 0.376302
vt 0.000899 0.376302
vt 0.000890 0.376302
vt 0.056951 0.083333
vt 0.056751 0.083333
vt 0.826148 0.010417
vt 0.891578 0.035156
vt 0.891298 0.035156
vt 0.756575 0.001302
vt 0.827584 0.010417
vt 0.891298 0.035156
vt 0.756575 0.001302
vt 0.943203 0.083333
vt 0.696171 0.000000
vt 0.761100 0.001302
vt 0.696171 0.000000
vt 0.943203 0.083333
vt 0.943268 0.083333
vt 0.929688 0.839844
vt 0.979167 0.739583
vt 0.997396 0.623698
vt 0.929688 0.839844
vt 0.833333 0.916667
vt 0.929688 0.839844
vt 0.500000 0.979167
vt 0.317708 0.963542
vt 0.317708 0.963542
vt 0.682292 0.963542
vt 0.500000 0.979167
vt 0.500000 0.979167
vt 0.166667 0.916667
vt 0.166667 0.916667
vt 0.500000 0.979167
vt 0.682292 0.963542
vt 0.020833 0.739583
vt 0.002604 0.623698
vt 0.070312 0.839844
vt 0.020833 0.739583
vt 0.070312 0.839844
vt 0.002604 0.623698
vt 0.070312 0.839844
vt 0.992900 0.260417
vt 0.999114 0.376302
vt 0.999113 0.376302
vt 0.976039 0.160156
vt 0.992909 0.260417
vt 0.999110 0.376302
vt 0.943006 0.083333
vt 0.976066 0.160156
vt 0.243761 0.001302
vt 0.172415 0.010417
vt 0.238787 0.001302
vt 0.174225 0.010417
vt 0.108452 0.035156
vt 0.243761 0.001302
vt 0.174225 0.010417
vt 0.303914 0.000000
vt 0.108985 0.035156
vt 0.056951 0.083333
vt 0.056751 0.083333
vt 0.056951 0.083333
vt 0.294368 0.000000
vt 0.643550 0.000000
vt 0.670727 0.000000
vt 0.660310 0.000000
vt 0.637567 0.000000
vt 0.653764 0.000000
vt 0.643550 0.000000
vt 0.660310 0.000000
vt 0.636712 0.000000
vt 0.647627 0.000000
vt 0.646751 0.000000
vt 0.636712 0.000000
vt 0.705313 0.000000
vt 0.361494 0.000000
vt 0.345393 0.000000
vt 0.351427 0.000000
vt 0.355667 0.000000
vt 0.328672 0.000000
vt 0.361495 0.000000
vt 0.355667 0.000000
vt 0.362327 0.000000
vt 0.391754 0.000000
vt 0.386934 0.000000
vt 0.339291 0.000000
vt 0.339291 0.000000
vt 0.373306 0.000000
vt 0.352288 0.000000
vt 0.636712 0.000000
vt 0.646750 0.000000
vt 0.636712 0.000000
vt 0.646750 0.000000
vt 0.362327 0.000000
vt 0.352288 0.000000
vt 0.362327 0.000000
vt 0.553027 0.000000
vt 0.550299 0.000000
vt 0.446012 0.000000
vt 0.550299 0.000000
vt 0.591541 0.000000
vt 0.448740 0.000000
vt 0.407497 0.000000
vt 0.407497 0.000000
vt 0.591541 0.000000
vt 0.597426 0.000000
vt 0.635986 0.000000
vt 0.640554 0.000000
vt 0.645976 0.000000
vt 0.630903 0.000000
vt 0.625868 0.000000
vt 0.635986 0.000000
vt 0.630903 0.000000
vt 0.617333 0.000000
vt 0.617333 0.000000
vt 0.368136 0.000000
vt 0.373171 0.000000
vt 0.381706 0.000000
vt 0.363053 0.000000
vt 0.358485 0.000000
vt 0.363053 0.000000
vt 0.406924 0.000000
vt 0.397028 0.000000
vt 0.393016 0.000000
vt 0.353063 0.000000
vt 0.397028 0.000000
vt 0.401613 0.000000
vt 0.831743 0.619116
vt 0.503857 0.173944
vt 0.276286 0.059671
vt 0.841185 0.244534
vt 0.650010 0.014184
vt 0.504208 0.165404
vt 0.057552 0.083333
vt 0.943268 0.083333
s 1
f 432/1/432 434/2/434 431/3/431
f 432/1/432 436/4/436 435/5/435
f 435/5/435 437/6/437 434/2/434
f 435/5/435 439/7/439 438/8/438
f 5/9/5 431/3/431 79/10/79
f 85/11/85 432/1/432 431/3/431
f 83/12/83 432/1/432 84/13/84
f 6/14/6 433/15/433 83/12/83
f 433/15/433 72/16/72 436/4/436
f 436/4/436 73/17/73 439/7/439
f 439/7/439 4/18/4 74/19/74
f 438/8/438 74/19/74 75/20/75
f 438/8/438 76/21/76 437/6/437
f 437/6/437 3/22/3 77/23/77
f 434/2/434 77/23/77 78/24/78
f 431/3/431 78/24/78 79/10/79
f 442/25/442 452/26/452 441/27/441
f 444/28/444 442/25/442 443/29/443
f 446/30/446 444/28/444 445/31/445
f 448/32/448 446/33/446 447/34/447
f 450/35/450 448/36/448 449/37/449
f 452/38/452 450/35/450 451/39/451
f 1/40/1 441/27/441 67/41/67
f 128/42/128 442/25/442 441/27/441
f 67/41/67 452/26/452 66/43/66
f 131/44/131 130/45/130 15/46/15
f 132/47/132 443/29/443 131/44/131
f 443/29/443 129/48/129 130/45/130
f 68/49/68 133/50/133 16/51/16
f 69/52/69 445/31/445 68/49/68
f 445/31/445 132/53/132 133/50/133
f 2/54/2 447/34/447 70/55/70
f 80/56/80 448/32/448 447/34/447
f 70/55/70 446/33/446 69/52/69
f 83/57/83 82/58/82 6/59/6
f 84/60/84 449/37/449 83/57/83
f 449/37/449 81/61/81 82/58/82
f 65/62/65 85/63/85 5/9/5
f 66/64/66 451/39/451 65/62/65
f 451/39/451 84/60/84 85/63/85
f 454/65/454 456/66/456 453/67/453
f 455/68/455 457/69/457 454/65/454
f 457/69/457 459/70/459 456/66/456
f 458/71/458 460/72/460 457/69/457
f 6/73/6 453/67/453 106/74/106
f 82/75/82 454/65/454 453/67/453
f 80/76/80 454/65/454 81/61/81
f 2/54/2 455/68/455 80/76/80
f 107/77/107 458/71/458 455/68/455
f 108/78/108 461/79/461 458/71/458
f 109/80/109 101/81/101 461/79/461
f 461/79/461 102/82/102 460/72/460
f 460/72/460 103/83/103 459/70/459
f 459/70/459 12/84/12 104/85/104
f 456/66/456 104/85/104 105/86/105
f 106/74/106 456/66/456 105/86/105
f 463/87/463 465/88/465 462/89/462
f 463/87/463 467/90/467 466/91/466
f 466/91/466 468/92/468 465/88/465
f 466/91/466 470/93/470 469/94/469
f 3/22/3 462/89/462 112/95/112
f 75/20/75 462/89/462 76/21/76
f 75/20/75 464/96/464 463/87/463
f 4/18/4 464/96/464 74/19/74
f 464/96/464 114/97/114 467/90/467
f 467/90/467 115/98/115 470/93/470
f 470/93/470 10/99/10 95/100/95
f 469/94/469 95/100/95 96/101/96
f 469/94/469 97/102/97 468/92/468
f 468/92/468 9/103/9 110/104/110
f 465/88/465 110/104/110 111/105/111
f 462/89/462 111/105/111 112/95/112
f 472/106/472 474/107/474 471/108/471
f 473/109/473 475/110/475 472/106/472
f 475/110/475 477/111/477 474/107/474
f 476/112/476 478/113/478 475/110/475
f 70/114/70 107/77/107 2/54/2
f 69/115/69 471/108/471 70/114/70
f 68/116/68 472/106/472 69/115/69
f 16/51/16 473/109/473 68/116/68
f 473/109/473 138/117/138 476/112/476
f 138/117/138 479/118/479 476/112/476
f 139/119/139 89/120/89 479/118/479
f 479/118/479 90/121/90 478/113/478
f 478/113/478 91/122/91 477/111/477
f 477/111/477 8/123/8 109/80/109
f 474/107/474 109/80/109 108/78/108
f 471/108/471 108/78/108 107/77/107
f 481/124/481 483/125/483 480/126/480
f 482/127/482 484/128/484 481/124/481
f 484/128/484 486/129/486 483/125/483
f 485/130/485 487/131/487 484/128/484
f 79/132/79 121/133/121 5/134/5
f 78/24/78 480/126/480 79/132/79
f 77/135/77 481/124/481 78/24/78
f 3/22/3 482/127/482 77/135/77
f 112/95/112 485/130/485 482/127/482
f 111/105/111 488/136/488 485/130/485
f 110/104/110 98/137/98 488/136/488
f 488/136/488 99/138/99 487/131/487
f 487/131/487 100/139/100 486/129/486
f 486/129/486 11/140/11 119/141/119
f 483/125/483 119/141/119 120/142/120
f 480/126/480 120/142/120 121/133/121
f 489/143/489 493/144/493 492/145/492
f 490/146/490 494/147/494 493/144/493
f 492/145/492 496/148/496 495/149/495
f 493/144/493 497/150/497 496/148/496
f 4/18/4 489/143/489 113/151/113
f 73/17/73 490/146/490 489/143/489
f 72/152/72 491/153/491 490/146/490
f 71/154/71 106/74/106 491/153/491
f 491/153/491 105/86/105 494/147/494
f 494/147/494 104/85/104 497/150/497
f 497/150/497 12/84/12 92/155/92
f 496/148/496 92/155/92 93/156/93
f 495/149/495 93/156/93 94/157/94
f 115/98/115 94/157/94 10/99/10
f 114/97/114 495/149/495 115/98/115
f 113/151/113 492/145/492 114/97/114
f 498/158/498 502/159/502 501/160/501
f 499/161/499 503/162/503 502/159/502
f 501/160/501 505/163/505 504/164/504
f 502/159/502 506/165/506 505/163/505
f 1/40/1 498/158/498 116/166/116
f 67/167/67 499/161/499 498/158/498
f 65/168/65 499/161/499 66/43/66
f 5/134/5 500/169/500 65/168/65
f 121/133/121 503/162/503 500/169/500
f 503/162/503 119/141/119 506/165/506
f 506/165/506 11/140/11 86/170/86
f 505/163/505 86/170/86 87/171/87
f 504/164/504 87/171/87 88/172/88
f 118/173/118 88/172/88 7/174/7
f 117/175/117 504/164/504 118/173/118
f 116/166/116 501/160/501 117/175/117
f 508/176/508 510/177/510 507/178/507
f 509/179/509 511/180/511 508/176/508
f 510/177/510 514/181/514 513/182/513
f 511/180/511 515/183/515 514/181/514
f 139/184/139 127/185/127 14/186/14
f 138/117/138 507/178/507 139/184/139
f 137/187/137 508/176/508 138/117/138
f 16/51/16 509/179/509 137/187/137
f 133/50/133 512/188/512 509/179/509
f 512/188/512 131/189/131 515/183/515
f 515/183/515 15/46/15 134/190/134
f 514/181/514 134/190/134 135/191/135
f 513/182/513 135/191/135 136/192/136
f 125/193/125 136/192/136 13/194/13
f 126/195/126 513/182/513 125/193/125
f 507/178/507 126/195/126 127/185/127
f 517/196/517 519/197/519 516/198/516
f 518/199/518 520/200/520 517/196/517
f 520/200/520 522/201/522 519/197/519
f 521/202/521 523/203/523 520/200/520
f 136/192/136 124/204/124 13/194/13
f 135/191/135 516/198/516 136/192/136
f 135/191/135 518/199/518 517/196/517
f 15/46/15 518/199/518 134/190/134
f 130/45/130 521/202/521 518/199/518
f 129/48/129 524/205/524 521/202/521
f 128/206/128 116/207/116 524/205/524
f 524/205/524 117/208/117 523/203/523
f 523/203/523 118/173/118 522/201/522
f 522/201/522 7/209/7 122/210/122
f 519/197/519 122/210/122 123/211/123
f 516/198/516 123/211/123 124/204/124
f 526/212/526 528/213/528 525/214/525
f 526/212/526 530/215/530 529/216/529
f 529/216/529 531/217/531 528/213/528
f 529/216/529 533/218/533 532/219/532
f 127/220/127 145/221/145 14/186/14
f 126/195/126 525/214/525 127/220/127
f 126/195/126 527/222/527 526/212/526
f 125/193/125 146/223/146 527/222/527
f 527/222/527 147/224/147 530/215/530
f 530/215/530 148/225/148 533/218/533
f 148/225/148 140/226/140 533/218/533
f 533/218/533 141/227/141 532/219/532
f 531/217/531 141/227/141 142/228/142
f 143/229/143 142/228/142 18/230/18
f 528/213/528 143/229/143 144/231/144
f 525/214/525 144/231/144 145/221/145
f 534/228/534 538/232/538 537/233/537
f 536/234/536 538/232/538 535/227/535
f 537/233/537 541/232/541 540/235/540
f 539/236/539 541/232/541 538/232/538
f 18/237/18 534/228/534 154/237/154
f 142/235/142 535/227/535 534/228/534
f 140/226/140 535/227/535 141/227/141
f 17/238/17 536/234/536 140/226/140
f 155/238/155 539/236/539 536/234/536
f 156/238/156 542/234/542 539/236/539
f 157/238/157 149/226/149 542/234/542
f 542/234/542 150/227/150 541/232/541
f 540/235/540 150/227/150 151/235/151
f 152/239/152 151/235/151 20/237/20
f 153/240/153 540/235/540 152/239/152
f 154/237/154 537/233/537 153/240/153
f 543/228/543 547/232/547 546/233/546
f 545/234/545 547/232/547 544/227/544
f 546/233/546 550/232/550 549/235/549
f 548/236/548 550/232/550 547/232/547
f 20/237/20 543/228/543 163/237/163
f 151/235/151 544/227/544 543/228/543
f 149/226/149 544/227/544 150/227/150
f 19/238/19 545/234/545 149/226/149
f 164/238/164 548/236/548 545/234/545
f 165/238/165 551/234/551 548/236/548
f 166/238/166 158/226/158 551/234/551
f 551/234/551 159/227/159 550/232/550
f 549/235/549 159/227/159 160/235/160
f 161/239/161 160/235/160 22/237/22
f 162/240/162 549/235/549 161/239/161
f 163/237/163 546/233/546 162/240/162
f 552/228/552 556/232/556 555/233/555
f 554/234/554 556/232/556 553/227/553
f 555/233/555 559/232/559 558/235/558
f 557/236/557 559/232/559 556/232/556
f 22/237/22 552/228/552 172/237/172
f 160/235/160 553/227/553 552/228/552
f 158/226/158 553/227/553 159/227/159
f 21/238/21 554/234/554 158/226/158
f 173/238/173 557/236/557 554/234/554
f 174/238/174 560/234/560 557/236/557
f 175/238/175 167/226/167 560/234/560
f 560/234/560 168/227/168 559/232/559
f 558/235/558 168/227/168 169/235/169
f 170/239/170 169/235/169 24/237/24
f 171/240/171 558/235/558 170/239/170
f 172/237/172 555/233/555 171/240/171
f 561/228/561 565/232/565 564/233/564
f 563/234/563 565/232/565 562/227/562
f 565/232/565 567/235/567 564/233/564
f 565/232/565 569/234/569 568/232/568
f 24/237/24 561/228/561 181/237/181
f 169/235/169 562/227/562 561/228/561
f 167/226/167 562/227/562 168/227/168
f 23/238/23 563/234/563 167/226/167
f 182/238/182 566/236/566 563/234/563
f 566/236/566 184/238/184 569/234/569
f 569/234/569 25/238/25 176/226/176
f 568/232/568 176/226/176 177/227/177
f 568/232/568 178/235/178 567/235/567
f 567/235/567 26/237/26 179/239/179
f 564/233/564 179/239/179 180/240/180
f 181/237/181 564/233/564 180/240/180
f 571/227/571 573/233/573 570/228/570
f 571/227/571 575/236/575 574/232/574
f 574/232/574 576/235/576 573/233/573
f 574/232/574 578/234/577 577/232/186
f 178/235/178 190/237/190 26/237/26
f 177/227/177 570/228/570 178/235/178
f 177/227/177 572/234/572 571/227/571
f 176/226/176 191/238/191 572/234/572
f 572/234/572 192/238/192 575/236/575
f 575/236/575 193/238/193 578/234/577
f 578/234/577 27/238/27 185/226/185
f 577/232/186 185/226/185 186/227/186
f 577/232/186 187/235/187 576/235/576
f 576/235/576 28/237/28 188/239/188
f 573/233/573 188/239/188 189/240/189
f 570/228/570 189/240/189 190/237/190
f 580/227/177 582/233/580 579/228/578
f 580/227/177 584/236/582 583/232/581
f 583/232/581 585/235/583 582/233/580
f 583/232/581 587/234/585 586/232/584
f 187/235/187 199/237/199 28/237/28
f 186/227/186 579/228/578 187/235/187
f 186/227/186 581/234/579 580/227/177
f 185/226/185 200/238/200 581/234/579
f 581/234/579 201/238/201 584/236/582
f 584/236/582 202/238/202 587/234/585
f 587/234/585 29/238/29 194/226/194
f 586/232/584 194/226/194 195/227/195
f 586/232/584 196/235/196 585/235/583
f 585/235/583 30/237/30 197/239/197
f 582/233/580 197/239/197 198/240/198
f 579/228/578 198/240/198 199/237/199
f 589/232/587 591/241/589 588/242/586
f 589/232/587 593/243/591 592/232/590
f 592/232/590 594/244/592 591/241/589
f 592/232/590 596/245/594 595/227/593
f 196/228/196 208/246/208 30/230/30
f 195/227/195 588/242/586 196/228/196
f 195/227/195 590/247/588 589/232/587
f 194/226/194 209/248/209 590/247/588
f 590/247/588 210/249/210 593/243/591
f 593/243/591 211/250/211 596/245/594
f 596/245/594 31/251/31 203/252/203
f 595/227/593 203/252/203 204/232/204
f 595/227/593 205/253/205 594/244/592
f 594/244/592 32/254/32 206/255/206
f 591/241/589 206/255/206 207/256/207
f 588/242/586 207/256/207 208/246/208
f 598/257/596 600/258/598 597/259/595
f 599/260/597 601/261/599 598/257/596
f 600/258/598 604/262/602 603/263/601
f 601/261/599 605/264/603 604/262/602
f 37/265/37 597/259/595 232/266/232
f 225/267/225 597/259/595 226/268/226
f 224/269/224 598/257/596 225/267/225
f 35/270/35 599/260/597 224/269/224
f 223/271/223 602/272/600 599/260/597
f 602/272/600 221/273/221 605/264/603
f 605/264/603 36/274/36 220/275/220
f 604/262/602 220/275/220 219/276/219
f 603/263/601 219/276/219 218/277/218
f 603/263/601 38/278/38 230/279/230
f 600/258/598 230/279/230 231/280/231
f 232/266/232 600/258/598 231/280/231
f 608/281/606 618/282/616 607/283/605
f 610/284/608 608/281/606 609/285/607
f 612/286/610 610/284/608 611/287/609
f 614/288/612 612/286/610 613/289/611
f 616/290/614 614/288/612 615/291/613
f 618/292/616 616/293/614 617/294/615
f 33/295/33 607/283/605 275/296/275
f 214/297/214 608/281/606 607/283/605
f 275/296/275 618/282/616 276/298/276
f 232/299/232 212/300/212 37/265/37
f 231/301/231 609/285/607 232/299/232
f 609/285/607 213/302/213 212/300/212
f 229/303/229 230/304/230 38/278/38
f 228/305/228 611/287/609 229/303/229
f 611/287/609 231/306/231 230/304/230
f 34/307/34 613/289/611 227/308/227
f 217/309/217 614/288/612 613/289/611
f 227/308/227 612/286/610 228/305/228
f 280/310/280 215/311/215 48/312/48
f 279/313/279 615/291/613 280/310/280
f 615/291/613 216/314/216 215/311/215
f 277/315/277 278/316/278 47/317/47
f 276/298/276 617/294/615 277/315/277
f 617/294/615 279/313/279 278/316/278
f 620/318/618 622/319/620 619/320/617
f 621/321/619 623/322/621 620/318/618
f 623/322/621 625/323/623 622/319/620
f 624/324/622 626/325/624 623/322/621
f 38/278/38 619/320/617 229/303/229
f 253/84/253 620/318/618 619/320/617
f 251/326/251 620/318/618 252/84/252
f 44/84/44 621/321/619 251/326/251
f 250/327/250 624/324/622 621/321/619
f 249/328/249 627/329/625 624/324/622
f 248/330/248 256/331/256 627/329/625
f 627/329/625 255/332/255 626/325/624
f 626/325/624 254/333/254 625/323/623
f 625/323/623 34/334/34 227/308/227
f 622/319/620 227/308/227 228/305/228
f 229/303/229 622/319/620 228/305/228
f 629/335/627 631/336/629 628/337/626
f 630/338/628 632/339/630 629/335/627
f 631/336/629 635/340/633 634/341/632
f 632/339/630 636/342/634 635/340/633
f 35/343/35 628/337/626 223/271/223
f 258/344/258 628/337/626 259/345/259
f 257/346/257 629/335/627 258/344/258
f 41/347/41 630/338/628 257/346/257
f 244/102/244 633/348/631 630/338/628
f 633/348/631 242/349/242 636/342/634
f 636/342/634 42/350/42 262/351/262
f 635/340/633 262/351/262 261/352/261
f 634/341/632 261/352/261 260/353/260
f 634/341/632 36/354/36 221/273/221
f 222/355/222 634/341/632 221/273/221
f 628/337/626 222/355/222 223/271/223
f 638/356/636 640/357/638 637/358/635
f 639/359/637 641/360/639 638/356/636
f 641/360/639 643/361/641 640/357/638
f 642/362/640 644/363/642 641/360/639
f 254/333/254 217/309/217 34/334/34
f 255/332/255 637/358/635 254/333/254
f 256/331/256 638/356/636 255/332/255
f 40/123/40 639/359/637 256/331/256
f 238/122/238 642/362/640 639/359/637
f 237/121/237 645/364/643 642/362/640
f 236/120/236 286/365/286 645/364/643
f 645/364/643 285/366/285 644/363/642
f 643/361/641 285/366/285 284/367/284
f 643/361/641 48/368/48 215/311/215
f 640/357/638 215/311/215 216/314/216
f 637/358/635 216/314/216 217/309/217
f 647/369/645 649/370/647 646/371/644
f 648/372/646 650/373/648 647/369/645
f 650/373/648 652/374/650 649/370/647
f 651/375/649 653/376/651 650/373/648
f 268/265/268 226/268/226 37/265/37
f 267/140/267 646/371/644 268/265/268
f 266/140/266 647/369/645 267/140/267
f 43/140/43 648/372/646 266/140/266
f 247/377/247 651/375/649 648/372/646
f 246/138/246 654/378/652 651/375/649
f 245/137/245 257/346/257 654/378/652
f 654/378/652 258/344/258 653/376/651
f 653/376/651 259/345/259 652/374/650
f 652/374/650 35/343/35 224/269/224
f 649/370/647 224/269/224 225/267/225
f 646/371/644 225/267/225 226/268/226
f 655/379/653 659/380/657 658/381/656
f 656/382/654 660/383/658 659/380/657
f 658/381/656 662/384/660 661/385/659
f 659/380/657 663/386/661 662/384/660
f 36/354/36 655/379/653 220/275/220
f 260/353/260 656/382/654 655/379/653
f 261/352/261 657/387/655 656/382/654
f 262/351/262 241/157/241 657/387/655
f 657/387/655 240/388/240 660/383/658
f 660/383/658 239/155/239 663/386/661
f 663/386/661 44/84/44 251/326/251
f 662/384/660 251/326/251 252/84/252
f 661/385/659 252/84/252 253/84/253
f 218/277/218 253/84/253 38/278/38
f 219/389/219 661/385/659 218/277/218
f 220/275/220 658/381/656 219/389/219
f 664/390/662 668/391/666 667/392/665
f 665/393/663 669/394/667 668/391/666
f 667/392/665 671/395/669 670/396/668
f 668/391/666 672/397/670 671/395/669
f 33/295/33 664/390/662 214/297/214
f 263/398/263 665/393/663 664/390/662
f 264/399/264 666/400/664 665/393/663
f 265/401/265 235/402/235 666/400/664
f 666/400/664 234/403/234 669/394/667
f 669/394/667 233/170/233 672/397/670
f 672/397/670 43/140/43 266/140/266
f 671/395/669 266/140/266 267/140/267
f 671/395/669 268/265/268 670/396/668
f 670/396/668 37/265/37 212/300/212
f 667/392/665 212/300/212 213/302/213
f 214/297/214 667/392/665 213/302/213
f 674/404/672 676/405/674 673/406/671
f 674/404/672 678/407/676 677/408/675
f 677/408/675 679/409/677 676/405/674
f 677/408/675 681/410/679 680/411/678
f 274/220/274 286/412/286 46/186/46
f 273/195/273 673/406/671 274/220/274
f 273/195/273 675/413/673 674/404/672
f 272/193/272 283/414/283 675/413/673
f 675/413/673 282/415/282 678/407/676
f 678/407/676 281/416/281 681/410/679
f 681/410/679 47/417/47 278/316/278
f 680/411/678 278/316/278 279/313/279
f 680/411/678 280/310/280 679/409/677
f 679/409/677 48/368/48 284/418/284
f 676/405/674 284/418/284 285/366/285
f 673/406/671 285/366/285 286/412/286
f 683/419/681 685/420/683 682/421/680
f 684/422/682 686/423/684 683/419/681
f 686/423/684 688/424/686 685/420/683
f 687/425/685 689/426/687 686/423/684
f 271/427/271 283/414/283 45/194/45
f 270/211/270 682/421/680 271/427/271
f 269/210/269 683/419/681 270/211/270
f 39/209/39 684/422/682 269/210/269
f 265/401/265 687/425/685 684/422/682
f 264/399/264 690/428/688 687/425/685
f 263/429/263 275/296/275 690/428/688
f 690/428/688 276/298/276 689/426/687
f 689/426/687 277/315/277 688/424/686
f 688/424/686 47/417/47 281/416/281
f 282/415/282 688/424/686 281/416/281
f 682/421/680 282/415/282 283/414/283
f 692/213/690 694/430/692 691/431/689
f 693/217/691 695/432/693 692/213/690
f 694/430/692 698/215/696 697/222/695
f 695/432/693 699/433/697 698/215/696
f 292/434/292 274/220/274 46/186/46
f 291/231/291 691/431/689 292/434/292
f 290/435/290 692/213/690 291/231/291
f 50/237/50 693/217/691 290/435/290
f 289/235/289 696/219/694 693/217/691
f 696/219/694 287/226/287 699/433/697
f 699/433/697 49/436/49 295/437/295
f 698/215/696 295/437/295 294/224/294
f 697/222/695 294/224/294 293/438/293
f 272/193/272 293/438/293 45/194/45
f 273/195/273 697/222/695 272/193/272
f 691/431/689 273/195/273 274/220/274
f 701/439/699 703/232/701 700/228/698
f 702/235/700 704/227/702 701/439/699
f 703/232/701 707/236/705 706/236/704
f 704/227/702 708/236/706 707/236/705
f 301/230/301 289/235/289 50/240/50
f 300/237/300 700/228/698 301/230/301
f 299/230/299 701/439/699 300/237/300
f 299/230/299 298/235/298 702/235/700
f 702/235/700 297/227/297 705/232/703
f 297/227/297 708/236/706 705/232/703
f 296/234/296 304/238/304 708/236/706
f 707/236/705 304/238/304 303/238/303
f 706/236/704 303/238/303 302/436/302
f 287/234/287 302/436/302 49/440/49
f 288/227/288 706/236/704 287/234/287
f 700/228/698 288/227/288 289/235/289
f 709/228/707 713/227/711 712/232/710
f 710/439/708 714/232/712 713/227/711
f 713/227/711 715/236/713 712/232/710
f 714/232/712 716/236/714 713/227/711
f 52/240/52 709/228/707 298/235/298
f 310/230/310 710/439/708 709/228/707
f 309/237/309 711/235/709 710/439/708
f 308/230/308 307/235/307 711/235/709
f 711/235/709 306/227/306 714/232/712
f 306/227/306 717/236/715 714/232/712
f 305/234/305 313/238/313 717/236/715
f 717/236/715 312/238/312 716/236/714
f 716/236/714 311/436/311 715/236/713
f 715/236/713 51/440/51 296/234/296
f 712/232/710 296/234/296 297/227/297
f 298/235/298 712/232/710 297/227/297
f 718/228/716 722/227/720 721/232/719
f 719/439/717 723/232/721 722/227/720
f 722/227/720 724/236/722 721/232/719
f 723/232/721 725/236/723 722/227/720
f 54/240/54 718/228/716 307/235/307
f 319/230/319 719/439/717 718/228/716
f 318/237/318 720/235/718 719/439/717
f 317/230/317 316/235/316 720/235/718
f 720/235/718 315/227/315 723/232/721
f 315/227/315 726/236/724 723/232/721
f 314/234/314 322/238/322 726/236/724
f 726/236/724 321/238/321 725/236/723
f 725/236/723 320/436/320 724/236/722
f 724/236/722 53/440/53 305/234/305
f 721/232/719 305/234/305 306/227/306
f 307/235/307 721/232/719 306/227/306
f 727/228/725 731/227/729 730/232/728
f 729/235/727 731/227/729 728/439/726
f 731/227/729 733/236/731 730/232/728
f 731/227/729 735/236/733 734/236/732
f 56/240/56 727/228/725 316/235/316
f 328/230/328 728/439/726 727/228/725
f 326/230/326 728/439/726 327/237/327
f 58/240/58 729/235/727 326/230/326
f 325/235/325 732/232/730 729/235/727
f 732/232/730 323/234/323 735/236/733
f 735/236/733 57/440/57 331/238/331
f 734/236/732 331/238/331 330/238/330
f 734/236/732 329/436/329 733/236/731
f 733/236/731 55/440/55 314/234/314
f 730/232/728 314/234/314 315/227/315
f 316/235/316 730/232/728 315/227/315
f 737/439/735 739/232/737 736/228/734
f 738/235/736 740/227/738 737/439/735
f 739/232/737 743/236/740 742/236/739
f 740/227/738 744/236/741 743/236/740
f 337/230/337 325/235/325 58/240/58
f 336/237/336 736/228/734 337/230/337
f 335/230/335 737/439/735 336/237/336
f 60/240/60 738/235/736 335/230/335
f 334/235/334 741/232/333 738/235/736
f 741/232/333 332/234/332 744/236/741
f 744/236/741 59/440/59 340/238/340
f 743/236/740 340/238/340 339/238/339
f 742/236/739 339/238/339 338/436/338
f 323/234/323 338/436/338 57/440/57
f 324/227/324 742/236/739 323/234/323
f 736/228/734 324/227/324 325/235/325
f 746/439/743 748/232/745 745/228/742
f 747/235/744 749/227/746 746/439/743
f 748/232/745 752/236/749 751/236/748
f 749/227/746 753/236/750 752/236/749
f 346/230/346 334/235/334 60/240/60
f 345/237/345 745/228/742 346/230/346
f 344/230/344 746/439/743 345/237/345
f 62/240/62 747/235/744 344/230/344
f 343/235/343 750/232/747 747/235/744
f 750/232/747 341/234/341 753/236/750
f 753/236/750 61/440/61 349/238/349
f 752/236/749 349/238/349 348/238/348
f 751/236/748 348/238/348 347/436/347
f 332/234/332 347/436/347 59/440/59
f 333/227/333 751/236/748 332/234/332
f 745/228/742 333/227/333 334/235/334
f 755/441/752 757/232/754 754/242/751
f 756/244/753 758/227/755 755/441/752
f 757/232/754 761/243/758 760/247/757
f 758/227/755 762/442/759 761/243/758
f 355/246/355 343/235/343 62/237/62
f 354/256/354 754/242/751 355/246/355
f 353/443/353 755/441/752 354/256/354
f 64/254/64 756/244/753 353/443/353
f 352/444/352 759/445/756 756/244/753
f 759/445/756 350/446/350 762/442/759
f 762/442/759 63/251/63 358/447/358
f 761/243/758 358/447/358 357/448/357
f 760/247/757 357/448/357 356/248/356
f 341/226/341 356/248/356 61/436/61
f 342/232/342 760/247/757 341/226/341
f 754/242/751 342/232/342 343/235/343
f 763/449/760 767/450/764 766/451/763
f 764/452/761 768/453/765 767/450/764
f 767/450/764 769/454/766 766/451/763
f 768/453/765 770/455/767 767/450/764
f 7/456/7 763/449/760 359/457/359
f 88/458/88 764/452/761 763/449/760
f 87/459/87 765/460/762 764/452/761
f 86/461/86 371/265/371 765/460/762
f 765/460/762 372/140/372 768/453/765
f 372/140/372 771/462/768 768/453/765
f 373/140/373 233/461/233 771/462/768
f 771/462/768 234/459/234 770/455/767
f 770/455/767 235/458/235 769/454/766
f 769/454/766 39/456/39 361/463/361
f 766/451/763 361/463/361 360/464/360
f 359/457/359 766/451/763 360/464/360
f 773/465/770 775/466/772 772/467/769
f 774/468/771 776/469/773 773/465/770
f 775/466/772 779/465/776 778/470/775
f 776/469/773 780/471/777 779/465/776
f 91/122/91 362/472/362 8/123/8
f 90/121/90 772/467/769 91/122/91
f 89/120/89 773/465/770 90/121/90
f 14/186/14 774/468/771 89/120/89
f 380/473/380 777/474/774 774/468/771
f 777/474/774 382/475/382 780/471/777
f 780/471/777 46/186/46 236/120/236
f 779/465/776 236/120/236 237/121/237
f 778/470/775 237/121/237 238/122/238
f 364/476/364 238/122/238 40/123/40
f 363/477/363 778/470/775 364/476/364
f 772/467/769 363/477/363 362/472/362
f 781/478/778 785/479/782 784/157/781
f 782/156/779 786/480/783 785/479/782
f 785/479/782 787/481/784 784/157/781
f 786/480/783 788/156/785 785/479/782
f 10/99/10 781/478/778 368/482/368
f 94/483/94 782/156/779 781/478/778
f 93/156/93 783/480/780 782/156/779
f 92/480/92 374/326/374 783/480/780
f 783/480/780 375/326/375 786/480/783
f 375/326/375 789/155/786 786/480/783
f 376/84/376 239/480/239 789/155/786
f 789/155/786 240/156/240 788/156/785
f 788/156/785 241/483/241 787/481/784
f 787/481/784 42/99/42 370/99/370
f 784/157/781 370/99/370 369/99/369
f 368/482/368 784/157/781 369/99/369
f 791/484/788 793/485/790 790/486/787
f 791/484/788 795/487/792 794/488/791
f 793/485/790 797/489/794 796/486/793
f 795/487/792 797/489/794 794/488/791
f 97/485/97 365/490/365 9/491/9
f 96/492/96 790/486/787 97/485/97
f 96/492/96 792/493/789 791/484/788
f 95/487/95 368/482/368 792/493/789
f 792/493/789 369/99/369 795/487/792
f 369/99/369 798/487/795 795/487/792
f 370/99/370 242/487/242 798/487/795
f 798/487/795 243/492/243 797/489/794
f 796/486/793 243/492/243 244/485/244
f 367/490/367 244/485/244 41/491/41
f 366/103/366 796/486/793 367/490/367
f 790/486/787 366/103/366 365/490/365
f 800/494/797 802/495/799 799/139/796
f 801/496/798 803/497/800 800/494/797
f 802/495/799 806/494/803 805/139/802
f 803/497/800 807/498/804 806/494/803
f 100/499/100 371/265/371 11/265/11
f 99/494/99 799/139/796 100/499/100
f 98/496/98 800/494/797 99/494/99
f 9/491/9 801/496/798 98/496/98
f 365/490/365 804/500/801 801/496/798
f 804/500/801 367/490/367 807/498/804
f 807/498/804 41/491/41 245/496/245
f 806/494/803 245/496/245 246/494/246
f 805/139/802 246/494/246 247/499/247
f 373/140/373 247/499/247 43/265/43
f 372/140/372 805/139/802 373/140/373
f 799/139/796 372/140/372 371/265/371
f 809/501/806 811/502/808 808/503/805
f 810/504/807 812/505/809 809/501/806
f 811/502/808 815/501/812 814/503/811
f 812/505/809 816/504/813 815/501/812
f 103/506/103 374/326/374 12/84/12
f 102/82/102 808/503/805 103/506/103
f 101/330/101 809/501/806 102/82/102
f 8/507/8 810/504/807 101/330/101
f 362/472/362 813/508/810 810/504/807
f 813/508/810 364/472/364 816/504/813
f 816/504/813 40/507/40 248/330/248
f 815/501/812 248/330/248 249/82/249
f 814/503/811 249/82/249 250/506/250
f 376/84/376 250/506/250 44/84/44
f 375/326/375 814/503/811 376/84/376
f 808/503/805 375/326/375 374/326/374
f 817/509/814 821/510/818 820/511/817
f 818/512/815 822/513/819 821/510/818
f 821/510/818 823/514/820 820/511/817
f 822/513/819 824/515/821 821/510/818
f 13/194/13 817/509/814 377/516/377
f 124/204/124 818/512/815 817/509/814
f 123/211/123 819/517/816 818/512/815
f 122/210/122 359/518/359 819/517/816
f 819/517/816 360/519/360 822/513/819
f 360/519/360 825/517/822 822/513/819
f 361/520/361 269/210/269 825/517/822
f 825/517/822 270/211/270 824/515/821
f 824/515/821 271/427/271 823/514/820
f 823/514/820 45/194/45 379/516/379
f 820/511/817 379/516/379 378/521/378
f 377/516/377 820/511/817 378/521/378
f 827/522/824 829/523/826 826/524/823
f 828/525/825 830/526/827 827/522/824
f 829/523/826 833/527/830 832/528/829
f 830/526/827 834/525/831 833/527/830
f 145/221/145 380/473/380 14/186/14
f 144/231/144 826/524/823 145/221/145
f 143/435/143 827/522/824 144/231/144
f 18/230/18 828/525/825 143/435/143
f 386/529/386 831/530/828 828/525/825
f 387/531/387 834/525/831 831/530/828
f 388/532/388 290/435/290 834/525/831
f 833/527/830 290/435/290 291/231/291
f 832/528/829 291/231/291 292/434/292
f 382/475/382 292/434/292 46/186/46
f 381/533/381 832/528/829 382/475/382
f 826/524/823 381/533/381 380/473/380
f 835/534/832 839/535/836 838/536/835
f 836/537/833 840/538/837 839/535/836
f 839/535/836 841/539/838 838/536/835
f 840/538/837 842/540/839 839/535/836
f 17/436/17 835/534/832 383/541/383
f 148/542/148 836/537/833 835/534/832
f 147/543/147 837/544/834 836/537/833
f 146/223/146 377/516/377 837/544/834
f 837/544/834 378/521/378 840/538/837
f 378/521/378 843/545/840 840/538/837
f 379/516/379 293/546/293 843/545/840
f 843/545/840 294/224/294 842/540/839
f 842/540/839 295/437/295 841/539/838
f 385/541/385 295/437/295 49/238/49
f 384/547/384 841/539/838 385/541/385
f 383/541/383 838/536/835 384/547/384
f 845/548/842 847/549/844 844/532/841
f 846/550/843 848/551/845 845/548/842
f 848/551/845 850/532/847 847/549/844
f 849/549/846 851/532/848 848/551/845
f 154/237/154 386/550/386 18/230/18
f 153/237/153 844/532/841 154/237/154
f 152/237/152 845/548/842 153/237/153
f 20/230/20 846/550/843 152/237/152
f 392/550/392 849/549/846 846/550/843
f 393/551/393 852/532/849 849/549/846
f 394/532/394 299/230/299 852/532/849
f 852/532/849 300/237/300 851/532/848
f 851/532/848 301/230/301 850/532/847
f 850/532/847 50/240/50 388/532/388
f 847/549/844 388/532/388 387/551/387
f 844/532/841 387/551/387 386/550/386
f 853/552/850 857/553/854 856/553/853
f 854/554/851 858/547/855 857/553/854
f 856/553/853 860/541/857 859/552/856
f 857/553/854 861/552/858 860/541/857
f 19/440/19 853/552/850 389/541/389
f 157/436/157 854/554/851 853/552/850
f 156/238/156 855/552/852 854/554/851
f 155/238/155 383/541/383 855/552/852
f 855/552/852 384/547/384 858/547/855
f 858/547/855 385/541/385 861/552/858
f 861/552/858 49/440/49 302/238/302
f 860/541/857 302/238/302 303/436/303
f 859/552/856 303/436/303 304/238/304
f 391/541/391 304/238/304 51/440/51
f 390/547/390 859/552/856 391/541/391
f 389/541/389 856/553/853 390/547/390
f 863/548/860 865/549/862 862/532/859
f 864/550/861 866/551/863 863/548/860
f 865/549/862 869/532/866 868/532/865
f 866/551/863 870/532/867 869/532/866
f 163/237/163 392/550/392 20/230/20
f 162/237/162 862/532/859 163/237/163
f 161/237/161 863/548/860 162/237/162
f 22/230/22 864/550/861 161/237/161
f 398/550/398 867/549/864 864/550/861
f 867/549/864 400/532/400 870/532/867
f 870/532/867 54/240/54 308/230/308
f 869/532/866 308/230/308 309/237/309
f 868/532/865 309/237/309 310/230/310
f 394/532/394 310/230/310 52/240/52
f 865/549/862 394/532/394 393/551/393
f 862/532/859 393/551/393 392/550/392
f 871/552/868 875/553/872 874/553/871
f 872/554/869 876/547/873 875/553/872
f 875/553/872 877/552/874 874/553/871
f 876/547/873 878/541/875 875/553/872
f 21/440/21 871/552/868 395/541/395
f 166/436/166 872/554/869 871/552/868
f 165/238/165 873/552/870 872/554/869
f 164/238/164 389/541/389 873/552/870
f 873/552/870 390/547/390 876/547/873
f 876/547/873 391/541/391 879/552/876
f 391/541/391 311/238/311 879/552/876
f 879/552/876 312/436/312 878/541/875
f 878/541/875 313/238/313 877/552/874
f 877/552/874 53/440/53 397/541/397
f 874/553/871 397/541/397 396/547/396
f 395/541/395 874/553/871 396/547/396
f 881/548/878 883/549/880 880/532/877
f 882/550/879 884/551/881 881/548/878
f 883/549/880 887/532/884 886/532/883
f 884/551/881 888/532/885 887/532/884
f 172/237/172 398/550/398 22/230/22
f 171/237/171 880/532/877 172/237/172
f 170/237/170 881/548/878 171/237/171
f 24/230/24 882/550/879 170/237/170
f 404/550/404 885/549/882 882/550/879
f 885/549/882 406/532/406 888/532/885
f 888/532/885 56/240/56 317/230/317
f 887/532/884 317/230/317 318/237/318
f 886/532/883 318/237/318 319/230/319
f 400/532/400 319/230/319 54/240/54
f 399/551/399 886/532/883 400/532/400
f 880/532/877 399/551/399 398/550/398
f 889/552/886 893/553/890 892/553/889
f 890/554/887 894/547/891 893/553/890
f 893/553/890 895/552/892 892/553/889
f 894/547/891 896/541/893 893/553/890
f 23/440/23 889/552/886 401/541/401
f 175/436/175 890/554/887 889/552/886
f 174/238/174 891/552/888 890/554/887
f 173/238/173 395/541/395 891/552/888
f 891/552/888 396/547/396 894/547/891
f 396/547/396 897/552/894 894/547/891
f 397/541/397 320/238/320 897/552/894
f 897/552/894 321/436/321 896/541/893
f 896/541/893 322/238/322 895/552/892
f 895/552/892 55/440/55 403/541/403
f 892/553/889 403/541/403 402/547/402
f 401/541/401 892/553/889 402/547/402
f 899/548/896 901/549/898 898/532/895
f 899/548/896 903/549/900 902/551/899
f 901/549/898 905/532/902 904/532/901
f 903/549/900 905/532/902 902/551/899
f 181/237/181 404/550/404 24/230/24
f 180/237/180 898/532/895 181/237/181
f 180/237/180 900/550/897 899/548/896
f 179/237/179 410/550/410 900/550/897
f 900/550/897 411/551/411 903/549/900
f 411/551/411 906/532/903 903/549/900
f 412/532/412 326/230/326 906/532/903
f 906/532/903 327/237/327 905/532/902
f 904/532/901 327/237/327 328/230/328
f 406/532/406 328/230/328 56/240/56
f 405/551/405 904/532/901 406/532/406
f 898/532/895 405/551/405 404/550/404
f 908/554/905 910/553/907 907/552/904
f 908/554/905 912/547/909 911/553/908
f 910/553/907 914/541/911 913/552/910
f 912/547/909 914/541/911 911/553/908
f 184/436/184 407/541/407 25/440/25
f 183/238/183 907/552/904 184/436/184
f 183/238/183 909/552/906 908/554/905
f 182/238/182 401/541/401 909/552/906
f 909/552/906 402/547/402 912/547/909
f 402/547/402 915/552/912 912/547/909
f 403/541/403 329/238/329 915/552/912
f 915/552/912 330/436/330 914/541/911
f 913/552/910 330/436/330 331/238/331
f 409/541/409 331/238/331 57/440/57
f 408/547/408 913/552/910 409/541/409
f 907/552/904 408/547/408 407/541/407
f 916/532/913 920/551/917 919/549/916
f 917/548/914 921/549/918 920/551/917
f 920/551/917 922/532/919 919/549/916
f 921/549/918 923/532/920 920/551/917
f 26/230/26 916/532/913 410/550/410
f 190/237/190 917/548/914 916/532/913
f 189/237/189 918/550/915 917/548/914
f 188/237/188 416/550/416 918/550/915
f 918/550/915 417/551/417 921/549/918
f 417/551/417 924/532/921 921/549/918
f 418/532/418 335/230/335 924/532/921
f 924/532/921 336/237/336 923/532/920
f 923/532/920 337/230/337 922/532/919
f 922/532/919 58/240/58 412/532/412
f 919/549/916 412/532/412 411/551/411
f 410/550/410 919/549/916 411/551/411
f 926/554/923 928/553/925 925/552/922
f 927/552/924 929/553/926 926/554/923
f 928/553/925 932/541/929 931/552/928
f 929/553/926 933/552/930 932/541/929
f 193/436/193 413/541/413 27/440/27
f 192/238/192 925/552/922 193/436/193
f 191/238/191 926/554/923 192/238/192
f 25/440/25 927/552/924 191/238/191
f 407/541/407 930/547/927 927/552/924
f 930/547/927 409/541/409 933/552/930
f 933/552/930 57/440/57 338/238/338
f 932/541/929 338/238/338 339/436/339
f 931/552/928 339/436/339 340/238/340
f 415/541/415 340/238/340 59/440/59
f 414/547/414 931/552/928 415/541/415
f 925/552/922 414/547/414 413/541/413
f 934/532/931 938/551/935 937/549/934
f 935/548/932 939/549/936 938/551/935
f 938/551/935 940/532/937 937/549/934
f 939/549/936 941/532/938 938/551/935
f 28/230/28 934/532/931 416/550/416
f 199/237/199 935/548/932 934/532/931
f 198/237/198 936/550/933 935/548/932
f 197/237/197 422/550/422 936/550/933
f 936/550/933 423/551/423 939/549/936
f 423/551/423 942/532/939 939/549/936
f 424/532/424 344/230/344 942/532/939
f 942/532/939 345/237/345 941/532/938
f 941/532/938 346/230/346 940/532/937
f 940/532/937 60/240/60 418/532/418
f 937/549/934 418/532/418 417/551/417
f 416/550/416 937/549/934 417/551/417
f 944/554/941 946/553/943 943/552/940
f 945/552/942 947/553/944 944/554/941
f 946/553/943 950/541/947 949/552/946
f 947/553/944 951/552/948 950/541/947
f 202/436/202 419/541/419 29/440/29
f 201/238/201 943/552/940 202/436/202
f 200/238/200 944/554/941 201/238/201
f 27/440/27 945/552/942 200/238/200
f 413/541/413 948/547/945 945/552/942
f 948/547/945 415/541/415 951/552/948
f 951/552/948 59/440/59 347/238/347
f 950/541/947 347/238/347 348/436/348
f 949/552/946 348/436/348 349/238/349
f 421/541/421 349/238/349 61/440/61
f 420/547/420 949/552/946 421/541/421
f 943/552/940 420/547/420 419/541/419
f 953/227/950 955/555/952 952/556/949
f 953/227/950 957/557/954 956/445/953
f 955/555/952 959/227/956 958/558/955
f 957/557/954 959/227/956 956/445/953
f 32/254/32 952/556/949 428/559/428
f 204/232/204 952/556/949 205/253/205
f 204/232/204 954/560/951 953/227/950
f 31/251/31 954/560/951 203/252/203
f 425/561/425 957/557/954 954/560/951
f 957/557/954 427/562/427 960/560/957
f 960/560/957 63/251/63 350/252/350
f 960/560/957 351/232/351 959/227/956
f 958/558/955 351/232/351 352/253/352
f 958/558/955 64/254/64 430/563/430
f 955/555/952 430/563/430 429/564/429
f 428/559/428 955/555/952 429/564/429
f 961/565/958 965/566/962 964/567/961
f 962/568/959 966/569/963 965/566/962
f 965/566/962 967/570/964 964/567/961
f 966/569/963 968/571/965 965/566/962
f 30/230/30 961/565/958 422/529/422
f 208/246/208 962/568/959 961/565/958
f 207/256/207 963/572/960 962/568/959
f 206/255/206 428/559/428 963/572/960
f 963/572/960 429/564/429 966/569/963
f 429/564/429 969/573/966 966/569/963
f 430/563/430 353/443/353 969/573/966
f 969/573/966 354/256/354 968/571/965
f 968/571/965 355/246/355 967/570/964
f 967/570/964 62/237/62 424/532/424
f 964/567/961 424/532/424 423/531/423
f 422/529/422 964/567/961 423/531/423
f 971/574/968 973/575/970 970/576/967
f 972/577/969 974/578/971 971/574/968
f 973/575/970 977/574/974 976/576/973
f 974/578/971 978/579/975 977/574/974
f 211/580/211 425/561/425 31/251/31
f 210/581/210 970/576/967 211/580/211
f 209/582/209 971/574/968 210/581/210
f 29/436/29 972/577/969 209/582/209
f 419/541/419 975/583/972 972/577/969
f 975/583/972 421/541/421 978/579/975
f 978/579/975 61/238/61 356/248/356
f 977/574/974 356/248/356 357/584/357
f 976/576/973 357/584/357 358/580/358
f 427/562/427 358/580/358 63/251/63
f 426/585/426 976/576/973 427/562/427
f 970/576/967 426/585/426 425/561/425
f 432/1/432 435/5/435 434/2/434
f 432/1/432 433/15/433 436/4/436
f 435/5/435 438/8/438 437/6/437
f 435/5/435 436/4/436 439/7/439
f 5/9/5 85/11/85 431/3/431
f 85/11/85 84/13/84 432/1/432
f 83/12/83 433/15/433 432/1/432
f 6/14/6 71/586/71 433/15/433
f 433/15/433 71/586/71 72/16/72
f 436/4/436 72/16/72 73/17/73
f 439/7/439 73/17/73 4/18/4
f 438/8/438 439/7/439 74/19/74
f 438/8/438 75/20/75 76/21/76
f 437/6/437 76/21/76 3/22/3
f 434/2/434 437/6/437 77/23/77
f 431/3/431 434/2/434 78/24/78
f 442/25/442 440/587/440 452/26/452
f 444/28/444 440/587/440 442/25/442
f 446/30/446 440/587/440 444/28/444
f 448/32/448 440/587/440 446/33/446
f 450/35/450 440/587/440 448/36/448
f 452/38/452 440/587/440 450/35/450
f 1/40/1 128/42/128 441/27/441
f 128/42/128 129/588/129 442/25/442
f 67/41/67 441/27/441 452/26/452
f 131/44/131 443/29/443 130/45/130
f 132/47/132 444/28/444 443/29/443
f 443/29/443 442/25/442 129/48/129
f 68/49/68 445/31/445 133/50/133
f 69/52/69 446/30/446 445/31/445
f 445/31/445 444/28/444 132/53/132
f 2/54/2 80/56/80 447/34/447
f 80/56/80 81/589/81 448/32/448
f 70/55/70 447/34/447 446/33/446
f 83/57/83 449/37/449 82/58/82
f 84/60/84 450/35/450 449/37/449
f 449/37/449 448/36/448 81/61/81
f 65/62/65 451/39/451 85/63/85
f 66/64/66 452/38/452 451/39/451
f 451/39/451 450/35/450 84/60/84
f 454/65/454 457/69/457 456/66/456
f 455/68/455 458/71/458 457/69/457
f 457/69/457 460/72/460 459/70/459
f 458/71/458 461/79/461 460/72/460
f 6/73/6 82/75/82 453/67/453
f 82/75/82 81/61/81 454/65/454
f 80/76/80 455/68/455 454/65/454
f 2/54/2 107/77/107 455/68/455
f 107/77/107 108/78/108 458/71/458
f 108/78/108 109/80/109 461/79/461
f 109/80/109 8/123/8 101/81/101
f 461/79/461 101/81/101 102/82/102
f 460/72/460 102/82/102 103/83/103
f 459/70/459 103/83/103 12/84/12
f 456/66/456 459/70/459 104/85/104
f 106/74/106 453/67/453 456/66/456
f 463/87/463 466/91/466 465/88/465
f 463/87/463 464/96/464 467/90/467
f 466/91/466 469/94/469 468/92/468
f 466/91/466 467/90/467 470/93/470
f 3/22/3 76/21/76 462/89/462
f 75/20/75 463/87/463 462/89/462
f 75/20/75 74/19/74 464/96/464
f 4/18/4 113/151/113 464/96/464
f 464/96/464 113/151/113 114/97/114
f 467/90/467 114/97/114 115/98/115
f 470/93/470 115/98/115 10/99/10
f 469/94/469 470/93/470 95/100/95
f 469/94/469 96/101/96 97/102/97
f 468/92/468 97/102/97 9/103/9
f 465/88/465 468/92/468 110/104/110
f 462/89/462 465/88/465 111/105/111
f 472/106/472 475/110/475 474/107/474
f 473/109/473 476/112/476 475/110/475
f 475/110/475 478/113/478 477/111/477
f 476/112/476 479/118/479 478/113/478
f 70/114/70 471/108/471 107/77/107
f 69/115/69 472/106/472 471/108/471
f 68/116/68 473/109/473 472/106/472
f 16/51/16 137/590/137 473/109/473
f 473/109/473 137/590/137 138/117/138
f 138/117/138 139/119/139 479/118/479
f 139/119/139 14/186/14 89/120/89
f 479/118/479 89/120/89 90/121/90
f 478/113/478 90/121/90 91/122/91
f 477/111/477 91/122/91 8/123/8
f 474/107/474 477/111/477 109/80/109
f 471/108/471 474/107/474 108/78/108
f 481/124/481 484/128/484 483/125/483
f 482/127/482 485/130/485 484/128/484
f 484/128/484 487/131/487 486/129/486
f 485/130/485 488/136/488 487/131/487
f 79/132/79 480/126/480 121/133/121
f 78/24/78 481/124/481 480/126/480
f 77/135/77 482/127/482 481/124/481
f 3/22/3 112/95/112 482/127/482
f 112/95/112 111/105/111 485/130/485
f 111/105/111 110/104/110 488/136/488
f 110/104/110 9/103/9 98/137/98
f 488/136/488 98/137/98 99/138/99
f 487/131/487 99/138/99 100/139/100
f 486/129/486 100/139/100 11/140/11
f 483/125/483 486/129/486 119/141/119
f 480/126/480 483/125/483 120/142/120
f 489/143/489 490/146/490 493/144/493
f 490/146/490 491/153/491 494/147/494
f 492/145/492 493/144/493 496/148/496
f 493/144/493 494/147/494 497/150/497
f 4/18/4 73/17/73 489/143/489
f 73/17/73 72/152/72 490/146/490
f 72/152/72 71/154/71 491/153/491
f 71/154/71 6/73/6 106/74/106
f 491/153/491 106/74/106 105/86/105
f 494/147/494 105/86/105 104/85/104
f 497/150/497 104/85/104 12/84/12
f 496/148/496 497/150/497 92/155/92
f 495/149/495 496/148/496 93/156/93
f 115/98/115 495/149/495 94/157/94
f 114/97/114 492/145/492 495/149/495
f 113/151/113 489/143/489 492/145/492
f 498/158/498 499/161/499 502/159/502
f 499/161/499 500/169/500 503/162/503
f 501/160/501 502/159/502 505/163/505
f 502/159/502 503/162/503 506/165/506
f 1/40/1 67/167/67 498/158/498
f 67/167/67 66/43/66 499/161/499
f 65/168/65 500/169/500 499/161/499
f 5/134/5 121/133/121 500/169/500
f 121/133/121 120/142/120 503/162/503
f 503/162/503 120/142/120 119/141/119
f 506/165/506 119/141/119 11/140/11
f 505/163/505 506/165/506 86/170/86
f 504/164/504 505/163/505 87/171/87
f 118/173/118 504/164/504 88/172/88
f 117/175/117 501/160/501 504/164/504
f 116/166/116 498/158/498 501/160/501
f 508/176/508 511/180/511 510/177/510
f 509/179/509 512/188/512 511/180/511
f 510/177/510 511/180/511 514/181/514
f 511/180/511 512/188/512 515/183/515
f 139/184/139 507/178/507 127/185/127
f 138/117/138 508/176/508 507/178/507
f 137/187/137 509/179/509 508/176/508
f 16/51/16 133/50/133 509/179/509
f 133/50/133 132/53/132 512/188/512
f 512/188/512 132/53/132 131/189/131
f 515/183/515 131/189/131 15/46/15
f 514/181/514 515/183/515 134/190/134
f 513/182/513 514/181/514 135/191/135
f 125/193/125 513/182/513 136/192/136
f 126/195/126 510/177/510 513/182/513
f 507/178/507 510/177/510 126/195/126
f 517/196/517 520/200/520 519/197/519
f 518/199/518 521/202/521 520/200/520
f 520/200/520 523/203/523 522/201/522
f 521/202/521 524/205/524 523/203/523
f 136/192/136 516/198/516 124/204/124
f 135/191/135 517/196/517 516/198/516
f 135/191/135 134/190/134 518/199/518
f 15/46/15 130/45/130 518/199/518
f 130/45/130 129/48/129 521/202/521
f 129/48/129 128/206/128 524/205/524
f 128/206/128 1/40/1 116/207/116
f 524/205/524 116/207/116 117/208/117
f 523/203/523 117/208/117 118/173/118
f 522/201/522 118/173/118 7/209/7
f 519/197/519 522/201/522 122/210/122
f 516/198/516 519/197/519 123/211/123
f 526/212/526 529/216/529 528/213/528
f 526/212/526 527/222/527 530/215/530
f 529/216/529 532/219/532 531/217/531
f 529/216/529 530/215/530 533/218/533
f 127/220/127 525/214/525 145/221/145
f 126/195/126 526/212/526 525/214/525
f 126/195/126 125/193/125 527/222/527
f 125/193/125 13/194/13 146/223/146
f 527/222/527 146/223/146 147/224/147
f 530/215/530 147/224/147 148/225/148
f 148/225/148 17/436/17 140/226/140
f 533/218/533 140/226/140 141/227/141
f 531/217/531 532/219/532 141/227/141
f 143/229/143 531/217/531 142/228/142
f 528/213/528 531/217/531 143/229/143
f 525/214/525 528/213/528 144/231/144
f 534/228/534 535/227/535 538/232/538
f 536/234/536 539/236/539 538/232/538
f 537/233/537 538/232/538 541/232/541
f 539/236/539 542/234/542 541/232/541
f 18/237/18 142/235/142 534/228/534
f 142/235/142 141/227/141 535/227/535
f 140/226/140 536/234/536 535/227/535
f 17/238/17 155/238/155 536/234/536
f 155/238/155 156/238/156 539/236/539
f 156/238/156 157/238/157 542/234/542
f 157/238/157 19/238/19 149/226/149
f 542/234/542 149/226/149 150/227/150
f 540/235/540 541/232/541 150/227/150
f 152/239/152 540/235/540 151/235/151
f 153/240/153 537/233/537 540/235/540
f 154/237/154 534/228/534 537/233/537
f 543/228/543 544/227/544 547/232/547
f 545/234/545 548/236/548 547/232/547
f 546/233/546 547/232/547 550/232/550
f 548/236/548 551/234/551 550/232/550
f 20/237/20 151/235/151 543/228/543
f 151/235/151 150/227/150 544/227/544
f 149/226/149 545/234/545 544/227/544
f 19/238/19 164/238/164 545/234/545
f 164/238/164 165/238/165 548/236/548
f 165/238/165 166/238/166 551/234/551
f 166/238/166 21/238/21 158/226/158
f 551/234/551 158/226/158 159/227/159
f 549/235/549 550/232/550 159/227/159
f 161/239/161 549/235/549 160/235/160
f 162/240/162 546/233/546 549/235/549
f 163/237/163 543/228/543 546/233/546
f 552/228/552 553/227/553 556/232/556
f 554/234/554 557/236/557 556/232/556
f 555/233/555 556/232/556 559/232/559
f 557/236/557 560/234/560 559/232/559
f 22/237/22 160/235/160 552/228/552
f 160/235/160 159/227/159 553/227/553
f 158/226/158 554/234/554 553/227/553
f 21/238/21 173/238/173 554/234/554
f 173/238/173 174/238/174 557/236/557
f 174/238/174 175/238/175 560/234/560
f 175/238/175 23/238/23 167/226/167
f 560/234/560 167/226/167 168/227/168
f 558/235/558 559/232/559 168/227/168
f 170/239/170 558/235/558 169/235/169
f 171/240/171 555/233/555 558/235/558
f 172/237/172 552/228/552 555/233/555
f 561/228/561 562/227/562 565/232/565
f 563/234/563 566/236/566 565/232/565
f 565/232/565 568/232/568 567/235/567
f 565/232/565 566/236/566 569/234/569
f 24/237/24 169/235/169 561/228/561
f 169/235/169 168/227/168 562/227/562
f 167/226/167 563/234/563 562/227/562
f 23/238/23 182/238/182 563/234/563
f 182/238/182 183/238/183 566/236/566
f 566/236/566 183/238/183 184/238/184
f 569/234/569 184/238/184 25/238/25
f 568/232/568 569/234/569 176/226/176
f 568/232/568 177/227/177 178/235/178
f 567/235/567 178/235/178 26/237/26
f 564/233/564 567/235/567 179/239/179
f 181/237/181 561/228/561 564/233/564
f 571/227/571 574/232/574 573/233/573
f 571/227/571 572/234/572 575/236/575
f 574/232/574 577/232/186 576/235/576
f 574/232/574 575/236/575 578/234/577
f 178/235/178 570/228/570 190/237/190
f 177/227/177 571/227/571 570/228/570
f 177/227/177 176/226/176 572/234/572
f 176/226/176 25/238/25 191/238/191
f 572/234/572 191/238/191 192/238/192
f 575/236/575 192/238/192 193/238/193
f 578/234/577 193/238/193 27/238/27
f 577/232/186 578/234/577 185/226/185
f 577/232/186 186/227/186 187/235/187
f 576/235/576 187/235/187 28/237/28
f 573/233/573 576/235/576 188/239/188
f 570/228/570 573/233/573 189/240/189
f 580/227/177 583/232/581 582/233/580
f 580/227/177 581/234/579 584/236/582
f 583/232/581 586/232/584 585/235/583
f 583/232/581 584/236/582 587/234/585
f 187/235/187 579/228/578 199/237/199
f 186/227/186 580/227/177 579/228/578
f 186/227/186 185/226/185 581/234/579
f 185/226/185 27/238/27 200/238/200
f 581/234/579 200/238/200 201/238/201
f 584/236/582 201/238/201 202/238/202
f 587/234/585 202/238/202 29/238/29
f 586/232/584 587/234/585 194/226/194
f 586/232/584 195/227/195 196/235/196
f 585/235/583 196/235/196 30/237/30
f 582/233/580 585/235/583 197/239/197
f 579/228/578 582/233/580 198/240/198
f 589/232/587 592/232/590 591/241/589
f 589/232/587 590/247/588 593/243/591
f 592/232/590 595/227/593 594/244/592
f 592/232/590 593/243/591 596/245/594
f 196/228/196 588/242/586 208/246/208
f 195/227/195 589/232/587 588/242/586
f 195/227/195 194/226/194 590/247/588
f 194/226/194 29/436/29 209/248/209
f 590/247/588 209/248/209 210/249/210
f 593/243/591 210/249/210 211/250/211
f 596/245/594 211/250/211 31/251/31
f 595/227/593 596/245/594 203/252/203
f 595/227/593 204/232/204 205/253/205
f 594/244/592 205/253/205 32/254/32
f 591/241/589 594/244/592 206/255/206
f 588/242/586 591/241/589 207/256/207
f 598/257/596 601/261/599 600/258/598
f 599/260/597 602/272/600 601/261/599
f 600/258/598 601/261/599 604/262/602
f 601/261/599 602/272/600 605/264/603
f 37/265/37 226/268/226 597/259/595
f 225/267/225 598/257/596 597/259/595
f 224/269/224 599/260/597 598/257/596
f 35/270/35 223/271/223 599/260/597
f 223/271/223 222/355/222 602/272/600
f 602/272/600 222/355/222 221/273/221
f 605/264/603 221/273/221 36/274/36
f 604/262/602 605/264/603 220/275/220
f 603/263/601 604/262/602 219/276/219
f 603/263/601 218/277/218 38/278/38
f 600/258/598 603/263/601 230/279/230
f 232/266/232 597/259/595 600/258/598
f 608/281/606 606/591/604 618/282/616
f 610/284/608 606/591/604 608/281/606
f 612/286/610 606/591/604 610/284/608
f 614/288/612 606/591/604 612/286/610
f 616/290/614 606/591/604 614/288/612
f 618/292/616 606/591/604 616/293/614
f 33/295/33 214/297/214 607/283/605
f 214/297/214 213/302/213 608/281/606
f 275/296/275 607/283/605 618/282/616
f 232/299/232 609/285/607 212/300/212
f 231/301/231 610/284/608 609/285/607
f 609/285/607 608/281/606 213/302/213
f 229/303/229 611/287/609 230/304/230
f 228/305/228 612/286/610 611/287/609
f 611/287/609 610/284/608 231/306/231
f 34/307/34 217/309/217 613/289/611
f 217/309/217 216/314/216 614/288/612
f 227/308/227 613/289/611 612/286/610
f 280/310/280 615/291/613 215/311/215
f 279/313/279 616/290/614 615/291/613
f 615/291/613 614/288/612 216/314/216
f 277/315/277 617/294/615 278/316/278
f 276/298/276 618/292/616 617/294/615
f 617/294/615 616/293/614 279/313/279
f 620/318/618 623/322/621 622/319/620
f 621/321/619 624/324/622 623/322/621
f 623/322/621 626/325/624 625/323/623
f 624/324/622 627/329/625 626/325/624
f 38/278/38 253/84/253 619/320/617
f 253/84/253 252/84/252 620/318/618
f 251/326/251 621/321/619 620/318/618
f 44/84/44 250/327/250 621/321/619
f 250/327/250 249/328/249 624/324/622
f 249/328/249 248/330/248 627/329/625
f 248/330/248 40/123/40 256/331/256
f 627/329/625 256/331/256 255/332/255
f 626/325/624 255/332/255 254/333/254
f 625/323/623 254/333/254 34/334/34
f 622/319/620 625/323/623 227/308/227
f 229/303/229 619/320/617 622/319/620
f 629/335/627 632/339/630 631/336/629
f 630/338/628 633/348/631 632/339/630
f 631/336/629 632/339/630 635/340/633
f 632/339/630 633/348/631 636/342/634
f 35/343/35 259/345/259 628/337/626
f 258/344/258 629/335/627 628/337/626
f 257/346/257 630/338/628 629/335/627
f 41/347/41 244/102/244 630/338/628
f 244/102/244 243/101/243 633/348/631
f 633/348/631 243/101/243 242/349/242
f 636/342/634 242/349/242 42/350/42
f 635/340/633 636/342/634 262/351/262
f 634/341/632 635/340/633 261/352/261
f 634/341/632 260/353/260 36/354/36
f 222/355/222 631/336/629 634/341/632
f 628/337/626 631/336/629 222/355/222
f 638/356/636 641/360/639 640/357/638
f 639/359/637 642/362/640 641/360/639
f 641/360/639 644/363/642 643/361/641
f 642/362/640 645/364/643 644/363/642
f 254/333/254 637/358/635 217/309/217
f 255/332/255 638/356/636 637/358/635
f 256/331/256 639/359/637 638/356/636
f 40/123/40 238/122/238 639/359/637
f 238/122/238 237/121/237 642/362/640
f 237/121/237 236/120/236 645/364/643
f 236/120/236 46/186/46 286/365/286
f 645/364/643 286/365/286 285/366/285
f 643/361/641 644/363/642 285/366/285
f 643/361/641 284/367/284 48/368/48
f 640/357/638 643/361/641 215/311/215
f 637/358/635 640/357/638 216/314/216
f 647/369/645 650/373/648 649/370/647
f 648/372/646 651/375/649 650/373/648
f 650/373/648 653/376/651 652/374/650
f 651/375/649 654/378/652 653/376/651
f 268/265/268 646/371/644 226/268/226
f 267/140/267 647/369/645 646/371/644
f 266/140/266 648/372/646 647/369/645
f 43/140/43 247/377/247 648/372/646
f 247/377/247 246/138/246 651/375/649
f 246/138/246 245/137/245 654/378/652
f 245/137/245 41/347/41 257/346/257
f 654/378/652 257/346/257 258/344/258
f 653/376/651 258/344/258 259/345/259
f 652/374/650 259/345/259 35/343/35
f 649/370/647 652/374/650 224/269/224
f 646/371/644 649/370/647 225/267/225
f 655/379/653 656/382/654 659/380/657
f 656/382/654 657/387/655 660/383/658
f 658/381/656 659/380/657 662/384/660
f 659/380/657 660/383/658 663/386/661
f 36/354/36 260/353/260 655/379/653
f 260/353/260 261/352/261 656/382/654
f 261/352/261 262/351/262 657/387/655
f 262/351/262 42/350/42 241/157/241
f 657/387/655 241/157/241 240/388/240
f 660/383/658 240/388/240 239/155/239
f 663/386/661 239/155/239 44/84/44
f 662/384/660 663/386/661 251/326/251
f 661/385/659 662/384/660 252/84/252
f 218/277/218 661/385/659 253/84/253
f 219/389/219 658/381/656 661/385/659
f 220/275/220 655/379/653 658/381/656
f 664/390/662 665/393/663 668/391/666
f 665/393/663 666/400/664 669/394/667
f 667/392/665 668/391/666 671/395/669
f 668/391/666 669/394/667 672/397/670
f 33/295/33 263/398/263 664/390/662
f 263/398/263 264/399/264 665/393/663
f 264/399/264 265/401/265 666/400/664
f 265/401/265 39/592/39 235/402/235
f 666/400/664 235/402/235 234/403/234
f 669/394/667 234/403/234 233/170/233
f 672/397/670 233/170/233 43/140/43
f 671/395/669 672/397/670 266/140/266
f 671/395/669 267/140/267 268/265/268
f 670/396/668 268/265/268 37/265/37
f 667/392/665 670/396/668 212/300/212
f 214/297/214 664/390/662 667/392/665
f 674/404/672 677/408/675 676/405/674
f 674/404/672 675/413/673 678/407/676
f 677/408/675 680/411/678 679/409/677
f 677/408/675 678/407/676 681/410/679
f 274/220/274 673/406/671 286/412/286
f 273/195/273 674/404/672 673/406/671
f 273/195/273 272/193/272 675/413/673
f 272/193/272 45/194/45 283/414/283
f 675/413/673 283/414/283 282/415/282
f 678/407/676 282/415/282 281/416/281
f 681/410/679 281/416/281 47/417/47
f 680/411/678 681/410/679 278/316/278
f 680/411/678 279/313/279 280/310/280
f 679/409/677 280/310/280 48/368/48
f 676/405/674 679/409/677 284/418/284
f 673/406/671 676/405/674 285/366/285
f 683/419/681 686/423/684 685/420/683
f 684/422/682 687/425/685 686/423/684
f 686/423/684 689/426/687 688/424/686
f 687/425/685 690/428/688 689/426/687
f 271/427/271 682/421/680 283/414/283
f 270/211/270 683/419/681 682/421/680
f 269/210/269 684/422/682 683/419/681
f 39/209/39 265/401/265 684/422/682
f 265/401/265 264/399/264 687/425/685
f 264/399/264 263/429/263 690/428/688
f 263/429/263 33/295/33 275/296/275
f 690/428/688 275/296/275 276/298/276
f 689/426/687 276/298/276 277/315/277
f 688/424/686 277/315/277 47/417/47
f 282/415/282 685/420/683 688/424/686
f 682/421/680 685/420/683 282/415/282
f 692/213/690 695/432/693 694/430/692
f 693/217/691 696/219/694 695/432/693
f 694/430/692 695/432/693 698/215/696
f 695/432/693 696/219/694 699/433/697
f 292/434/292 691/431/689 274/220/274
f 291/231/291 692/213/690 691/431/689
f 290/435/290 693/217/691 692/213/690
f 50/237/50 289/235/289 693/217/691
f 289/235/289 288/232/288 696/219/694
f 696/219/694 288/232/288 287/226/287
f 699/433/697 287/226/287 49/436/49
f 698/215/696 699/433/697 295/437/295
f 697/222/695 698/215/696 294/224/294
f 272/193/272 697/222/695 293/438/293
f 273/195/273 694/430/692 697/222/695
f 691/431/689 694/430/692 273/195/273
f 701/439/699 704/227/702 703/232/701
f 702/235/700 705/232/703 704/227/702
f 703/232/701 704/227/702 707/236/705
f 704/227/702 705/232/703 708/236/706
f 301/230/301 700/228/698 289/235/289
f 300/237/300 701/439/699 700/228/698
f 299/230/299 702/235/700 701/439/699
f 299/230/299 52/240/52 298/235/298
f 702/235/700 298/235/298 297/227/297
f 297/227/297 296/234/296 708/236/706
f 296/234/296 51/440/51 304/238/304
f 707/236/705 708/236/706 304/238/304
f 706/236/704 707/236/705 303/238/303
f 287/234/287 706/236/704 302/436/302
f 288/227/288 703/232/701 706/236/704
f 700/228/698 703/232/701 288/227/288
f 709/228/707 710/439/708 713/227/711
f 710/439/708 711/235/709 714/232/712
f 713/227/711 716/236/714 715/236/713
f 714/232/712 717/236/715 716/236/714
f 52/240/52 310/230/310 709/228/707
f 310/230/310 309/237/309 710/439/708
f 309/237/309 308/230/308 711/235/709
f 308/230/308 54/240/54 307/235/307
f 711/235/709 307/235/307 306/227/306
f 306/227/306 305/234/305 717/236/715
f 305/234/305 53/440/53 313/238/313
f 717/236/715 313/238/313 312/238/312
f 716/236/714 312/238/312 311/436/311
f 715/236/713 311/436/311 51/440/51
f 712/232/710 715/236/713 296/234/296
f 298/235/298 709/228/707 712/232/710
f 718/228/716 719/439/717 722/227/720
f 719/439/717 720/235/718 723/232/721
f 722/227/720 725/236/723 724/236/722
f 723/232/721 726/236/724 725/236/723
f 54/240/54 319/230/319 718/228/716
f 319/230/319 318/237/318 719/439/717
f 318/237/318 317/230/317 720/235/718
f 317/230/317 56/240/56 316/235/316
f 720/235/718 316/235/316 315/227/315
f 315/227/315 314/234/314 726/236/724
f 314/234/314 55/440/55 322/238/322
f 726/236/724 322/238/322 321/238/321
f 725/236/723 321/238/321 320/436/320
f 724/236/722 320/436/320 53/440/53
f 721/232/719 724/236/722 305/234/305
f 307/235/307 718/228/716 721/232/719
f 727/228/725 728/439/726 731/227/729
f 729/235/727 732/232/730 731/227/729
f 731/227/729 734/236/732 733/236/731
f 731/227/729 732/232/730 735/236/733
f 56/240/56 328/230/328 727/228/725
f 328/230/328 327/237/327 728/439/726
f 326/230/326 729/235/727 728/439/726
f 58/240/58 325/235/325 729/235/727
f 325/235/325 324/227/324 732/232/730
f 732/232/730 324/227/324 323/234/323
f 735/236/733 323/234/323 57/440/57
f 734/236/732 735/236/733 331/238/331
f 734/236/732 330/238/330 329/436/329
f 733/236/731 329/436/329 55/440/55
f 730/232/728 733/236/731 314/234/314
f 316/235/316 727/228/725 730/232/728
f 737/439/735 740/227/738 739/232/737
f 738/235/736 741/232/333 740/227/738
f 739/232/737 740/227/738 743/236/740
f 740/227/738 741/232/333 744/236/741
f 337/230/337 736/228/734 325/235/325
f 336/237/336 737/439/735 736/228/734
f 335/230/335 738/235/736 737/439/735
f 60/240/60 334/235/334 738/235/736
f 334/235/334 333/227/333 741/232/333
f 741/232/333 333/227/333 332/234/332
f 744/236/741 332/234/332 59/440/59
f 743/236/740 744/236/741 340/238/340
f 742/236/739 743/236/740 339/238/339
f 323/234/323 742/236/739 338/436/338
f 324/227/324 739/232/737 742/236/739
f 736/228/734 739/232/737 324/227/324
f 746/439/743 749/227/746 748/232/745
f 747/235/744 750/232/747 749/227/746
f 748/232/745 749/227/746 752/236/749
f 749/227/746 750/232/747 753/236/750
f 346/230/346 745/228/742 334/235/334
f 345/237/345 746/439/743 745/228/742
f 344/230/344 747/235/744 746/439/743
f 62/240/62 343/235/343 747/235/744
f 343/235/343 342/227/342 750/232/747
f 750/232/747 342/227/342 341/234/341
f 753/236/750 341/234/341 61/440/61
f 752/236/749 753/236/750 349/238/349
f 751/236/748 752/236/749 348/238/348
f 332/234/332 751/236/748 347/436/347
f 333/227/333 748/232/745 751/236/748
f 745/228/742 748/232/745 333/227/333
f 755/441/752 758/227/755 757/232/754
f 756/244/753 759/445/756 758/227/755
f 757/232/754 758/227/755 761/243/758
f 758/227/755 759/445/756 762/442/759
f 355/246/355 754/242/751 343/235/343
f 354/256/354 755/441/752 754/242/751
f 353/443/353 756/244/753 755/441/752
f 64/254/64 352/444/352 756/244/753
f 352/444/352 351/232/351 759/445/756
f 759/445/756 351/232/351 350/446/350
f 762/442/759 350/446/350 63/251/63
f 761/243/758 762/442/759 358/447/358
f 760/247/757 761/243/758 357/448/357
f 341/226/341 760/247/757 356/248/356
f 342/232/342 757/232/754 760/247/757
f 754/242/751 757/232/754 342/232/342
f 763/449/760 764/452/761 767/450/764
f 764/452/761 765/460/762 768/453/765
f 767/450/764 770/455/767 769/454/766
f 768/453/765 771/462/768 770/455/767
f 7/456/7 88/458/88 763/449/760
f 88/458/88 87/459/87 764/452/761
f 87/459/87 86/461/86 765/460/762
f 86/461/86 11/265/11 371/265/371
f 765/460/762 371/265/371 372/140/372
f 372/140/372 373/140/373 771/462/768
f 373/140/373 43/265/43 233/461/233
f 771/462/768 233/461/233 234/459/234
f 770/455/767 234/459/234 235/458/235
f 769/454/766 235/458/235 39/456/39
f 766/451/763 769/454/766 361/463/361
f 359/457/359 763/449/760 766/451/763
f 773/465/770 776/469/773 775/466/772
f 774/468/771 777/474/774 776/469/773
f 775/466/772 776/469/773 779/465/776
f 776/469/773 777/474/774 780/471/777
f 91/122/91 772/467/769 362/472/362
f 90/121/90 773/465/770 772/467/769
f 89/120/89 774/468/771 773/465/770
f 14/186/14 380/473/380 774/468/771
f 380/473/380 381/533/381 777/474/774
f 777/474/774 381/533/381 382/475/382
f 780/471/777 382/475/382 46/186/46
f 779/465/776 780/471/777 236/120/236
f 778/470/775 779/465/776 237/121/237
f 364/476/364 778/470/775 238/122/238
f 363/477/363 775/466/772 778/470/775
f 772/467/769 775/466/772 363/477/363
f 781/478/778 782/156/779 785/479/782
f 782/156/779 783/480/780 786/480/783
f 785/479/782 788/156/785 787/481/784
f 786/480/783 789/155/786 788/156/785
f 10/99/10 94/483/94 781/478/778
f 94/483/94 93/156/93 782/156/779
f 93/156/93 92/480/92 783/480/780
f 92/480/92 12/84/12 374/326/374
f 783/480/780 374/326/374 375/326/375
f 375/326/375 376/84/376 789/155/786
f 376/84/376 44/84/44 239/480/239
f 789/155/786 239/480/239 240/156/240
f 788/156/785 240/156/240 241/483/241
f 787/481/784 241/483/241 42/99/42
f 784/157/781 787/481/784 370/99/370
f 368/482/368 781/478/778 784/157/781
f 791/484/788 794/488/791 793/485/790
f 791/484/788 792/493/789 795/487/792
f 793/485/790 794/488/791 797/489/794
f 795/487/792 798/487/795 797/489/794
f 97/485/97 790/486/787 365/490/365
f 96/492/96 791/484/788 790/486/787
f 96/492/96 95/487/95 792/493/789
f 95/487/95 10/99/10 368/482/368
f 792/493/789 368/482/368 369/99/369
f 369/99/369 370/99/370 798/487/795
f 370/99/370 42/99/42 242/487/242
f 798/487/795 242/487/242 243/492/243
f 796/486/793 797/489/794 243/492/243
f 367/490/367 796/486/793 244/485/244
f 366/103/366 793/485/790 796/486/793
f 790/486/787 793/485/790 366/103/366
f 800/494/797 803/497/800 802/495/799
f 801/496/798 804/500/801 803/497/800
f 802/495/799 803/497/800 806/494/803
f 803/497/800 804/500/801 807/498/804
f 100/499/100 799/139/796 371/265/371
f 99/494/99 800/494/797 799/139/796
f 98/496/98 801/496/798 800/494/797
f 9/491/9 365/490/365 801/496/798
f 365/490/365 366/103/366 804/500/801
f 804/500/801 366/103/366 367/490/367
f 807/498/804 367/490/367 41/491/41
f 806/494/803 807/498/804 245/496/245
f 805/139/802 806/494/803 246/494/246
f 373/140/373 805/139/802 247/499/247
f 372/140/372 802/495/799 805/139/802
f 799/139/796 802/495/799 372/140/372
f 809/501/806 812/505/809 811/502/808
f 810/504/807 813/508/810 812/505/809
f 811/502/808 812/505/809 815/501/812
f 812/505/809 813/508/810 816/504/813
f 103/506/103 808/503/805 374/326/374
f 102/82/102 809/501/806 808/503/805
f 101/330/101 810/504/807 809/501/806
f 8/507/8 362/472/362 810/504/807
f 362/472/362 363/593/363 813/508/810
f 813/508/810 363/593/363 364/472/364
f 816/504/813 364/472/364 40/507/40
f 815/501/812 816/504/813 248/330/248
f 814/503/811 815/501/812 249/82/249
f 376/84/376 814/503/811 250/506/250
f 375/326/375 811/502/808 814/503/811
f 808/503/805 811/502/808 375/326/375
f 817/509/814 818/512/815 821/510/818
f 818/512/815 819/517/816 822/513/819
f 821/510/818 824/515/821 823/514/820
f 822/513/819 825/517/822 824/515/821
f 13/194/13 124/204/124 817/509/814
f 124/204/124 123/211/123 818/512/815
f 123/211/123 122/210/122 819/517/816
f 122/210/122 7/174/7 359/518/359
f 819/517/816 359/518/359 360/519/360
f 360/519/360 361/520/361 825/517/822
f 361/520/361 39/209/39 269/210/269
f 825/517/822 269/210/269 270/211/270
f 824/515/821 270/211/270 271/427/271
f 823/514/820 271/427/271 45/194/45
f 820/511/817 823/514/820 379/516/379
f 377/516/377 817/509/814 820/511/817
f 827/522/824 830/526/827 829/523/826
f 828/525/825 831/530/828 830/526/827
f 829/523/826 830/526/827 833/527/830
f 830/526/827 831/530/828 834/525/831
f 145/221/145 826/524/823 380/473/380
f 144/231/144 827/522/824 826/524/823
f 143/435/143 828/525/825 827/522/824
f 18/230/18 386/529/386 828/525/825
f 386/529/386 387/531/387 831/530/828
f 387/531/387 388/532/388 834/525/831
f 388/532/388 50/237/50 290/435/290
f 833/527/830 834/525/831 290/435/290
f 832/528/829 833/527/830 291/231/291
f 382/475/382 832/528/829 292/434/292
f 381/533/381 829/523/826 832/528/829
f 826/524/823 829/523/826 381/533/381
f 835/534/832 836/537/833 839/535/836
f 836/537/833 837/544/834 840/538/837
f 839/535/836 842/540/839 841/539/838
f 840/538/837 843/545/840 842/540/839
f 17/436/17 148/542/148 835/534/832
f 148/542/148 147/543/147 836/537/833
f 147/543/147 146/223/146 837/544/834
f 146/223/146 13/194/13 377/516/377
f 837/544/834 377/516/377 378/521/378
f 378/521/378 379/516/379 843/545/840
f 379/516/379 45/194/45 293/546/293
f 843/545/840 293/546/293 294/224/294
f 842/540/839 294/224/294 295/437/295
f 385/541/385 841/539/838 295/437/295
f 384/547/384 838/536/835 841/539/838
f 383/541/383 835/534/832 838/536/835
f 845/548/842 848/551/845 847/549/844
f 846/550/843 849/549/846 848/551/845
f 848/551/845 851/532/848 850/532/847
f 849/549/846 852/532/849 851/532/848
f 154/237/154 844/532/841 386/550/386
f 153/237/153 845/548/842 844/532/841
f 152/237/152 846/550/843 845/548/842
f 20/230/20 392/550/392 846/550/843
f 392/550/392 393/551/393 849/549/846
f 393/551/393 394/532/394 852/532/849
f 394/532/394 52/240/52 299/230/299
f 852/532/849 299/230/299 300/237/300
f 851/532/848 300/237/300 301/230/301
f 850/532/847 301/230/301 50/240/50
f 847/549/844 850/532/847 388/532/388
f 844/532/841 847/549/844 387/551/387
f 853/552/850 854/554/851 857/553/854
f 854/554/851 855/552/852 858/547/855
f 856/553/853 857/553/854 860/541/857
f 857/553/854 858/547/855 861/552/858
f 19/440/19 157/436/157 853/552/850
f 157/436/157 156/238/156 854/554/851
f 156/238/156 155/238/155 855/552/852
f 155/238/155 17/440/17 383/541/383
f 855/552/852 383/541/383 384/547/384
f 858/547/855 384/547/384 385/541/385
f 861/552/858 385/541/385 49/440/49
f 860/541/857 861/552/858 302/238/302
f 859/552/856 860/541/857 303/436/303
f 391/541/391 859/552/856 304/238/304
f 390/547/390 856/553/853 859/552/856
f 389/541/389 853/552/850 856/553/853
f 863/548/860 866/551/863 865/549/862
f 864/550/861 867/549/864 866/551/863
f 865/549/862 866/551/863 869/532/866
f 866/551/863 867/549/864 870/532/867
f 163/237/163 862/532/859 392/550/392
f 162/237/162 863/548/860 862/532/859
f 161/237/161 864/550/861 863/548/860
f 22/230/22 398/550/398 864/550/861
f 398/550/398 399/551/399 867/549/864
f 867/549/864 399/551/399 400/532/400
f 870/532/867 400/532/400 54/240/54
f 869/532/866 870/532/867 308/230/308
f 868/532/865 869/532/866 309/237/309
f 394/532/394 868/532/865 310/230/310
f 865/549/862 868/532/865 394/532/394
f 862/532/859 865/549/862 393/551/393
f 871/552/868 872/554/869 875/553/872
f 872/554/869 873/552/870 876/547/873
f 875/553/872 878/541/875 877/552/874
f 876/547/873 879/552/876 878/541/875
f 21/440/21 166/436/166 871/552/868
f 166/436/166 165/238/165 872/554/869
f 165/238/165 164/238/164 873/552/870
f 164/238/164 19/440/19 389/541/389
f 873/552/870 389/541/389 390/547/390
f 876/547/873 390/547/390 391/541/391
f 391/541/391 51/440/51 311/238/311
f 879/552/876 311/238/311 312/436/312
f 878/541/875 312/436/312 313/238/313
f 877/552/874 313/238/313 53/440/53
f 874/553/871 877/552/874 397/541/397
f 395/541/395 871/552/868 874/553/871
f 881/548/878 884/551/881 883/549/880
f 882/550/879 885/549/882 884/551/881
f 883/549/880 884/551/881 887/532/884
f 884/551/881 885/549/882 888/532/885
f 172/237/172 880/532/877 398/550/398
f 171/237/171 881/548/878 880/532/877
f 170/237/170 882/550/879 881/548/878
f 24/230/24 404/550/404 882/550/879
f 404/550/404 405/551/405 885/549/882
f 885/549/882 405/551/405 406/532/406
f 888/532/885 406/532/406 56/240/56
f 887/532/884 888/532/885 317/230/317
f 886/532/883 887/532/884 318/237/318
f 400/532/400 886/532/883 319/230/319
f 399/551/399 883/549/880 886/532/883
f 880/532/877 883/549/880 399/551/399
f 889/552/886 890/554/887 893/553/890
f 890/554/887 891/552/888 894/547/891
f 893/553/890 896/541/893 895/552/892
f 894/547/891 897/552/894 896/541/893
f 23/440/23 175/436/175 889/552/886
f 175/436/175 174/238/174 890/554/887
f 174/238/174 173/238/173 891/552/888
f 173/238/173 21/440/21 395/541/395
f 891/552/888 395/541/395 396/547/396
f 396/547/396 397/541/397 897/552/894
f 397/541/397 53/440/53 320/238/320
f 897/552/894 320/238/320 321/436/321
f 896/541/893 321/436/321 322/238/322
f 895/552/892 322/238/322 55/440/55
f 892/553/889 895/552/892 403/541/403
f 401/541/401 889/552/886 892/553/889
f 899/548/896 902/551/899 901/549/898
f 899/548/896 900/550/897 903/549/900
f 901/549/898 902/551/899 905/532/902
f 903/549/900 906/532/903 905/532/902
f 181/237/181 898/532/895 404/550/404
f 180/237/180 899/548/896 898/532/895
f 180/237/180 179/237/179 900/550/897
f 179/237/179 26/230/26 410/550/410
f 900/550/897 410/550/410 411/551/411
f 411/551/411 412/532/412 906/532/903
f 412/532/412 58/240/58 326/230/326
f 906/532/903 326/230/326 327/237/327
f 904/532/901 905/532/902 327/237/327
f 406/532/406 904/532/901 328/230/328
f 405/551/405 901/549/898 904/532/901
f 898/532/895 901/549/898 405/551/405
f 908/554/905 911/553/908 910/553/907
f 908/554/905 909/552/906 912/547/909
f 910/553/907 911/553/908 914/541/911
f 912/547/909 915/552/912 914/541/911
f 184/436/184 907/552/904 407/541/407
f 183/238/183 908/554/905 907/552/904
f 183/238/183 182/238/182 909/552/906
f 182/238/182 23/440/23 401/541/401
f 909/552/906 401/541/401 402/547/402
f 402/547/402 403/541/403 915/552/912
f 403/541/403 55/440/55 329/238/329
f 915/552/912 329/238/329 330/436/330
f 913/552/910 914/541/911 330/436/330
f 409/541/409 913/552/910 331/238/331
f 408/547/408 910/553/907 913/552/910
f 907/552/904 910/553/907 408/547/408
f 916/532/913 917/548/914 920/551/917
f 917/548/914 918/550/915 921/549/918
f 920/551/917 923/532/920 922/532/919
f 921/549/918 924/532/921 923/532/920
f 26/230/26 190/237/190 916/532/913
f 190/237/190 189/237/189 917/548/914
f 189/237/189 188/237/188 918/550/915
f 188/237/188 28/230/28 416/550/416
f 918/550/915 416/550/416 417/551/417
f 417/551/417 418/532/418 924/532/921
f 418/532/418 60/240/60 335/230/335
f 924/532/921 335/230/335 336/237/336
f 923/532/920 336/237/336 337/230/337
f 922/532/919 337/230/337 58/240/58
f 919/549/916 922/532/919 412/532/412
f 410/550/410 916/532/913 919/549/916
f 926/554/923 929/553/926 928/553/925
f 927/552/924 930/547/927 929/553/926
f 928/553/925 929/553/926 932/541/929
f 929/553/926 930/547/927 933/552/930
f 193/436/193 925/552/922 413/541/413
f 192/238/192 926/554/923 925/552/922
f 191/238/191 927/552/924 926/554/923
f 25/440/25 407/541/407 927/552/924
f 407/541/407 408/547/408 930/547/927
f 930/547/927 408/547/408 409/541/409
f 933/552/930 409/541/409 57/440/57
f 932/541/929 933/552/930 338/238/338
f 931/552/928 932/541/929 339/436/339
f 415/541/415 931/552/928 340/238/340
f 414/547/414 928/553/925 931/552/928
f 925/552/922 928/553/925 414/547/414
f 934/532/931 935/548/932 938/551/935
f 935/548/932 936/550/933 939/549/936
f 938/551/935 941/532/938 940/532/937
f 939/549/936 942/532/939 941/532/938
f 28/230/28 199/237/199 934/532/931
f 199/237/199 198/237/198 935/548/932
f 198/237/198 197/237/197 936/550/933
f 197/237/197 30/230/30 422/550/422
f 936/550/933 422/550/422 423/551/423
f 423/551/423 424/532/424 942/532/939
f 424/532/424 62/240/62 344/230/344
f 942/532/939 344/230/344 345/237/345
f 941/532/938 345/237/345 346/230/346
f 940/532/937 346/230/346 60/240/60
f 937/549/934 940/532/937 418/532/418
f 416/550/416 934/532/931 937/549/934
f 944/554/941 947/553/944 946/553/943
f 945/552/942 948/547/945 947/553/944
f 946/553/943 947/553/944 950/541/947
f 947/553/944 948/547/945 951/552/948
f 202/436/202 943/552/940 419/541/419
f 201/238/201 944/554/941 943/552/940
f 200/238/200 945/552/942 944/554/941
f 27/440/27 413/541/413 945/552/942
f 413/541/413 414/547/414 948/547/945
f 948/547/945 414/547/414 415/541/415
f 951/552/948 415/541/415 59/440/59
f 950/541/947 951/552/948 347/238/347
f 949/552/946 950/541/947 348/436/348
f 421/541/421 949/552/946 349/238/349
f 420/547/420 946/553/943 949/552/946
f 943/552/940 946/553/943 420/547/420
f 953/227/950 956/445/953 955/555/952
f 953/227/950 954/560/951 957/557/954
f 955/555/952 956/445/953 959/227/956
f 957/557/954 960/560/957 959/227/956
f 32/254/32 205/253/205 952/556/949
f 204/232/204 953/227/950 952/556/949
f 204/232/204 203/252/203 954/560/951
f 31/251/31 425/561/425 954/560/951
f 425/561/425 426/585/426 957/557/954
f 957/557/954 426/585/426 427/562/427
f 960/560/957 427/562/427 63/251/63
f 960/560/957 350/252/350 351/232/351
f 958/558/955 959/227/956 351/232/351
f 958/558/955 352/253/352 64/254/64
f 955/555/952 958/558/955 430/563/430
f 428/559/428 952/556/949 955/555/952
f 961/565/958 962/568/959 965/566/962
f 962/568/959 963/572/960 966/569/963
f 965/566/962 968/571/965 967/570/964
f 966/569/963 969/573/966 968/571/965
f 30/230/30 208/246/208 961/565/958
f 208/246/208 207/256/207 962/568/959
f 207/256/207 206/255/206 963/572/960
f 206/255/206 32/254/32 428/559/428
f 963/572/960 428/559/428 429/564/429
f 429/564/429 430/563/430 969/573/966
f 430/563/430 64/254/64 353/443/353
f 969/573/966 353/443/353 354/256/354
f 968/571/965 354/256/354 355/246/355
f 967/570/964 355/246/355 62/237/62
f 964/567/961 967/570/964 424/532/424
f 422/529/422 961/565/958 964/567/961
f 971/574/968 974/578/971 973/575/970
f 972/577/969 975/583/972 974/578/971
f 973/575/970 974/578/971 977/574/974
f 974/578/971 975/583/972 978/579/975
f 211/580/211 970/576/967 425/561/425
f 210/581/210 971/574/968 970/576/967
f 209/582/209 972/577/969 971/574/968
f 29/436/29 419/541/419 972/577/969
f 419/541/419 420/547/420 975/583/972
f 975/583/972 420/547/420 421/541/421
f 978/579/975 421/541/421 61/238/61
f 977/574/974 978/579/975 356/248/356
f 976/576/973 977/574/974 357/584/357
f 427/562/427 976/576/973 358/580/358
f 426/585/426 973/575/970 976/576/973
f 970/576/967 973/575/970 426/585/426
