# Blender 4.4.3
# www.blender.org
mtllib Key.mtl
o Key
v 1.250000 0.000000 0.000000
v 1.216506 0.125000 0.000000
v 1.125000 0.216506 0.000000
v 1.000000 0.250000 0.000000
v 0.875000 0.216506 0.000000
v 0.783494 0.125000 0.000000
v 0.750000 0.000000 0.000000
v 0.783494 -0.125000 0.000000
v 0.875000 -0.216506 0.000000
v 1.000000 -0.250000 0.000000
v 1.125000 -0.216506 0.000000
v 1.216506 -0.125000 0.000000
v 1.239306 0.000000 -0.163158
v 1.206099 0.125000 -0.158786
v 1.115376 0.216506 -0.146842
v 0.991445 0.250000 -0.130526
v 0.867514 0.216506 -0.114210
v 0.776791 0.125000 -0.102266
v 0.743584 0.000000 -0.097895
v 0.776791 -0.125000 -0.102266
v 0.867514 -0.216506 -0.114210
v 0.991445 -0.250000 -0.130526
v 1.115376 -0.216506 -0.146842
v 1.206099 -0.125000 -0.158786
v 1.207407 0.000000 -0.323524
v 1.175055 0.125000 -0.314855
v 1.086667 0.216506 -0.291171
v 0.965926 0.250000 -0.258819
v 0.845185 0.216506 -0.226467
v 0.756797 0.125000 -0.202783
v 0.724444 0.000000 -0.194114
v 0.756797 -0.125000 -0.202783
v 0.845185 -0.216506 -0.226467
v 0.965926 -0.250000 -0.258819
v 1.086667 -0.216506 -0.291171
v 1.175055 -0.125000 -0.314855
v 1.154849 0.000000 -0.478354
v 1.123905 0.125000 -0.465537
v 1.039364 0.216506 -0.430519
v 0.923880 0.250000 -0.382683
v 0.808395 0.216506 -0.334848
v 0.723854 0.125000 -0.299830
v 0.692910 0.000000 -0.287013
v 0.723854 -0.125000 -0.299830
v 0.808395 -0.216506 -0.334848
v 0.923880 -0.250000 -0.382683
v 1.039364 -0.216506 -0.430519
v 1.123905 -0.125000 -0.465537
v 1.082532 0.000000 -0.625000
v 1.053525 0.125000 -0.608253
v 0.974279 0.216506 -0.562500
v 0.866025 0.250000 -0.500000
v 0.757772 0.216506 -0.437500
v 0.678525 0.125000 -0.391747
v 0.649519 0.000000 -0.375000
v 0.678525 -0.125000 -0.391747
v 0.757772 -0.216506 -0.437500
v 0.866025 -0.250000 -0.500000
v 0.974279 -0.216506 -0.562500
v 1.053525 -0.125000 -0.608253
v 0.991692 0.000000 -0.760952
v 0.965119 0.125000 -0.740562
v 0.892523 0.216506 -0.684856
v 0.793353 0.250000 -0.608761
v 0.694184 0.216506 -0.532666
v 0.621587 0.125000 -0.476961
v 0.595015 0.000000 -0.456571
v 0.621587 -0.125000 -0.476961
v 0.694184 -0.216506 -0.532666
v 0.793353 -0.250000 -0.608761
v 0.892523 -0.216506 -0.684856
v 0.965119 -0.125000 -0.740562
v 0.883883 0.000000 -0.883884
v 0.860200 0.125000 -0.860200
v 0.795495 0.216506 -0.795495
v 0.707107 0.250000 -0.707107
v 0.618718 0.216506 -0.618719
v 0.554014 0.125000 -0.554014
v 0.530330 0.000000 -0.530330
v 0.554014 -0.125000 -0.554014
v 0.618718 -0.216506 -0.618719
v 0.707107 -0.250000 -0.707107
v 0.795495 -0.216506 -0.795495
v 0.860200 -0.125000 -0.860200
v 0.760952 0.000000 -0.991691
v 0.740562 0.125000 -0.965119
v 0.684857 0.216506 -0.892522
v 0.608762 0.250000 -0.793353
v 0.532666 0.216506 -0.694184
v 0.476961 0.125000 -0.621587
v 0.456571 0.000000 -0.595015
v 0.476961 -0.125000 -0.621587
v 0.532666 -0.216506 -0.694184
v 0.608762 -0.250000 -0.793353
v 0.684857 -0.216506 -0.892522
v 0.740562 -0.125000 -0.965119
v 0.625000 0.000000 -1.082532
v 0.608253 0.125000 -1.053525
v 0.562500 0.216506 -0.974279
v 0.500000 0.250000 -0.866025
v 0.437500 0.216506 -0.757772
v 0.391747 0.125000 -0.678525
v 0.375000 0.000000 -0.649519
v 0.391747 -0.125000 -0.678525
v 0.437500 -0.216506 -0.757772
v 0.500000 -0.250000 -0.866025
v 0.562500 -0.216506 -0.974279
v 0.608253 -0.125000 -1.053525
v 0.478355 0.000000 -1.154849
v 0.465537 0.125000 -1.123905
v 0.430519 0.216506 -1.039364
v 0.382684 0.250000 -0.923879
v 0.334848 0.216506 -0.808394
v 0.299830 0.125000 -0.723854
v 0.287013 0.000000 -0.692910
v 0.299830 -0.125000 -0.723854
v 0.334848 -0.216506 -0.808394
v 0.382684 -0.250000 -0.923879
v 0.430519 -0.216506 -1.039364
v 0.465537 -0.125000 -1.123905
v 0.323524 0.000000 -1.207407
v 0.314855 0.125000 -1.175055
v 0.291171 0.216506 -1.086667
v 0.258819 0.250000 -0.965926
v 0.226467 0.216506 -0.845185
v 0.202783 0.125000 -0.756797
v 0.194114 0.000000 -0.724444
v 0.202783 -0.125000 -0.756797
v 0.226467 -0.216506 -0.845185
v 0.258819 -0.250000 -0.965926
v 0.291171 -0.216506 -1.086667
v 0.314855 -0.125000 -1.175055
v 0.163158 0.000000 -1.239306
v 0.158786 0.125000 -1.206099
v 0.146842 0.216506 -1.115376
v 0.130526 0.250000 -0.991445
v 0.114210 0.216506 -0.867514
v 0.102266 0.125000 -0.776791
v 0.097895 0.000000 -0.743584
v 0.102266 -0.125000 -0.776791
v 0.114210 -0.216506 -0.867514
v 0.130526 -0.250000 -0.991445
v 0.146842 -0.216506 -1.115376
v 0.158786 -0.125000 -1.206099
v 0.000000 0.000000 -1.250000
v 0.000000 0.125000 -1.216506
v 0.000000 0.216506 -1.125000
v 0.000000 0.250000 -1.000000
v 0.000000 0.216506 -0.875000
v 0.000000 0.125000 -0.783494
v 0.000000 0.000000 -0.750000
v 0.000000 -0.125000 -0.783494
v 0.000000 -0.216506 -0.875000
v 0.000000 -0.250000 -1.000000
v 0.000000 -0.216506 -1.125000
v 0.000000 -0.125000 -1.216506
v -0.163158 0.000000 -1.239306
v -0.158786 0.125000 -1.206099
v -0.146842 0.216506 -1.115375
v -0.130526 0.250000 -0.991445
v -0.114211 0.216506 -0.867514
v -0.102267 0.125000 -0.776791
v -0.097895 0.000000 -0.743584
v -0.102267 -0.125000 -0.776791
v -0.114211 -0.216506 -0.867514
v -0.130526 -0.250000 -0.991445
v -0.146842 -0.216506 -1.115375
v -0.158786 -0.125000 -1.206099
v -0.323524 0.000000 -1.207407
v -0.314855 0.125000 -1.175055
v -0.291171 0.216506 -1.086667
v -0.258819 0.250000 -0.965926
v -0.226467 0.216506 -0.845185
v -0.202783 0.125000 -0.756797
v -0.194114 0.000000 -0.724444
v -0.202783 -0.125000 -0.756797
v -0.226467 -0.216506 -0.845185
v -0.258819 -0.250000 -0.965926
v -0.291171 -0.216506 -1.086667
v -0.314855 -0.125000 -1.175055
v -0.478354 0.000000 -1.154849
v -0.465537 0.125000 -1.123905
v -0.430519 0.216506 -1.039364
v -0.382684 0.250000 -0.923880
v -0.334848 0.216506 -0.808395
v -0.299830 0.125000 -0.723854
v -0.287013 0.000000 -0.692910
v -0.299830 -0.125000 -0.723854
v -0.334848 -0.216506 -0.808395
v -0.382684 -0.250000 -0.923880
v -0.430519 -0.216506 -1.039364
v -0.465537 -0.125000 -1.123905
v -0.625000 0.000000 -1.082532
v -0.608253 0.125000 -1.053526
v -0.562500 0.216506 -0.974279
v -0.500000 0.250000 -0.866026
v -0.437500 0.216506 -0.757772
v -0.391747 0.125000 -0.678525
v -0.375000 0.000000 -0.649519
v -0.391747 -0.125000 -0.678525
v -0.437500 -0.216506 -0.757772
v -0.500000 -0.250000 -0.866026
v -0.562500 -0.216506 -0.974279
v -0.608253 -0.125000 -1.053526
v -0.760952 0.000000 -0.991692
v -0.740562 0.125000 -0.965119
v -0.684857 0.216506 -0.892522
v -0.608761 0.250000 -0.793353
v -0.532666 0.216506 -0.694184
v -0.476961 0.125000 -0.621587
v -0.456571 0.000000 -0.595015
v -0.476961 -0.125000 -0.621587
v -0.532666 -0.216506 -0.694184
v -0.608761 -0.250000 -0.793353
v -0.684857 -0.216506 -0.892522
v -0.740562 -0.125000 -0.965119
v -0.883884 0.000000 -0.883883
v -0.860200 0.125000 -0.860200
v -0.795495 0.216506 -0.795495
v -0.707107 0.250000 -0.707107
v -0.618719 0.216506 -0.618718
v -0.554014 0.125000 -0.554013
v -0.530330 0.000000 -0.530330
v -0.554014 -0.125000 -0.554013
v -0.618719 -0.216506 -0.618718
v -0.707107 -0.250000 -0.707107
v -0.795495 -0.216506 -0.795495
v -0.860200 -0.125000 -0.860200
v -0.991692 0.000000 -0.760952
v -0.965119 0.125000 -0.740562
v -0.892522 0.216506 -0.684857
v -0.793353 0.250000 -0.608761
v -0.694184 0.216506 -0.532666
v -0.621587 0.125000 -0.476961
v -0.595015 0.000000 -0.456571
v -0.621587 -0.125000 -0.476961
v -0.694184 -0.216506 -0.532666
v -0.793353 -0.250000 -0.608761
v -0.892522 -0.216506 -0.684857
v -0.965119 -0.125000 -0.740562
v -1.082532 0.000000 -0.625000
v -1.053525 0.125000 -0.608253
v -0.974278 0.216506 -0.562500
v -0.866025 0.250000 -0.500000
v -0.757772 0.216506 -0.437500
v -0.678525 0.125000 -0.391747
v -0.649519 0.000000 -0.375000
v -0.678525 -0.125000 -0.391747
v -0.757772 -0.216506 -0.437500
v -0.866025 -0.250000 -0.500000
v -0.974278 -0.216506 -0.562500
v -1.053525 -0.125000 -0.608253
v -1.154849 0.000000 -0.478354
v -1.123905 0.125000 -0.465537
v -1.039364 0.216506 -0.430519
v -0.923880 0.250000 -0.382683
v -0.808395 0.216506 -0.334848
v -0.723854 0.125000 -0.299830
v -0.692910 0.000000 -0.287013
v -0.723854 -0.125000 -0.299830
v -0.808395 -0.216506 -0.334848
v -0.923880 -0.250000 -0.382683
v -1.039364 -0.216506 -0.430519
v -1.123905 -0.125000 -0.465537
v -1.207407 0.000000 -0.323524
v -1.175055 0.125000 -0.314855
v -1.086667 0.216506 -0.291171
v -0.965926 0.250000 -0.258819
v -0.845185 0.216506 -0.226467
v -0.756797 0.125000 -0.202783
v -0.724444 0.000000 -0.194114
v -0.756797 -0.125000 -0.202783
v -0.845185 -0.216506 -0.226467
v -0.965926 -0.250000 -0.258819
v -1.086667 -0.216506 -0.291171
v -1.175055 -0.125000 -0.314855
v -1.239306 0.000000 -0.163158
v -1.206099 0.125000 -0.158786
v -1.115375 0.216506 -0.146842
v -0.991445 0.250000 -0.130526
v -0.867514 0.216506 -0.114211
v -0.776791 0.125000 -0.102267
v -0.743584 0.000000 -0.097895
v -0.776791 -0.125000 -0.102267
v -0.867514 -0.216506 -0.114211
v -0.991445 -0.250000 -0.130526
v -1.115375 -0.216506 -0.146842
v -1.206099 -0.125000 -0.158786
v -1.250000 0.000000 -0.000000
v -1.216506 0.125000 -0.000000
v -1.125000 0.216506 -0.000000
v -1.000000 0.250000 -0.000000
v -0.875000 0.216506 -0.000000
v -0.783494 0.125000 -0.000000
v -0.750000 0.000000 -0.000000
v -0.783494 -0.125000 -0.000000
v -0.875000 -0.216506 -0.000000
v -1.000000 -0.250000 -0.000000
v -1.125000 -0.216506 -0.000000
v -1.216506 -0.125000 -0.000000
v -1.239306 0.000000 0.163158
v -1.206099 0.125000 0.158786
v -1.115375 0.216506 0.146842
v -0.991445 0.250000 0.130526
v -0.867514 0.216506 0.114211
v -0.776791 0.125000 0.102267
v -0.743584 0.000000 0.097895
v -0.776791 -0.125000 0.102267
v -0.867514 -0.216506 0.114211
v -0.991445 -0.250000 0.130526
v -1.115375 -0.216506 0.146842
v -1.206099 -0.125000 0.158786
v -1.207407 0.000000 0.323524
v -1.175055 0.125000 0.314855
v -1.086667 0.216506 0.291171
v -0.965926 0.250000 0.258819
v -0.845185 0.216506 0.226467
v -0.756797 0.125000 0.202783
v -0.724444 0.000000 0.194114
v -0.756797 -0.125000 0.202783
v -0.845185 -0.216506 0.226467
v -0.965926 -0.250000 0.258819
v -1.086667 -0.216506 0.291171
v -1.175055 -0.125000 0.314855
v -1.154850 0.000000 0.478354
v -1.123906 0.125000 0.465536
v -1.039365 0.216506 0.430518
v -0.923880 0.250000 0.382683
v -0.808395 0.216506 0.334848
v -0.723854 0.125000 0.299830
v -0.692910 0.000000 0.287012
v -0.723854 -0.125000 0.299830
v -0.808395 -0.216506 0.334848
v -0.923880 -0.250000 0.382683
v -1.039365 -0.216506 0.430518
v -1.123906 -0.125000 0.465536
v -1.082532 0.000000 0.625000
v -1.053526 0.125000 0.608253
v -0.974279 0.216506 0.562500
v -0.866026 0.250000 0.500000
v -0.757772 0.216506 0.437500
v -0.678525 0.125000 0.391747
v -0.649519 0.000000 0.375000
v -0.678525 -0.125000 0.391747
v -0.757772 -0.216506 0.437500
v -0.866026 -0.250000 0.500000
v -0.974279 -0.216506 0.562500
v -1.053526 -0.125000 0.608253
v -0.991692 0.000000 0.760952
v -0.965119 0.125000 0.740562
v -0.892522 0.216506 0.684857
v -0.793353 0.250000 0.608761
v -0.694184 0.216506 0.532666
v -0.621587 0.125000 0.476961
v -0.595015 0.000000 0.456571
v -0.621587 -0.125000 0.476961
v -0.694184 -0.216506 0.532666
v -0.793353 -0.250000 0.608761
v -0.892522 -0.216506 0.684857
v -0.965119 -0.125000 0.740562
v -0.883884 0.000000 0.883883
v -0.860200 0.125000 0.860200
v -0.795495 0.216506 0.795495
v -0.707107 0.250000 0.707107
v -0.618719 0.216506 0.618718
v -0.554014 0.125000 0.554013
v -0.530330 0.000000 0.530330
v -0.554014 -0.125000 0.554013
v -0.618719 -0.216506 0.618718
v -0.707107 -0.250000 0.707107
v -0.795495 -0.216506 0.795495
v -0.860200 -0.125000 0.860200
v -0.760952 0.000000 0.991691
v -0.740563 0.125000 0.965119
v -0.684857 0.216506 0.892522
v -0.608762 0.250000 0.793353
v -0.532667 0.216506 0.694184
v -0.476961 0.125000 0.621587
v -0.456571 0.000000 0.595015
v -0.476961 -0.125000 0.621587
v -0.532667 -0.216506 0.694184
v -0.608762 -0.250000 0.793353
v -0.684857 -0.216506 0.892522
v -0.740563 -0.125000 0.965119
v -0.625000 0.000000 1.082532
v -0.608253 0.125000 1.053526
v -0.562500 0.216506 0.974279
v -0.500000 0.250000 0.866026
v -0.437500 0.216506 0.757772
v -0.391747 0.125000 0.678525
v -0.375000 0.000000 0.649519
v -0.391747 -0.125000 0.678525
v -0.437500 -0.216506 0.757772
v -0.500000 -0.250000 0.866026
v -0.562500 -0.216506 0.974279
v -0.608253 -0.125000 1.053526
v -0.478354 0.000000 1.154849
v -0.465537 0.125000 1.123905
v -0.430519 0.216506 1.039364
v -0.382684 0.250000 0.923880
v -0.334848 0.216506 0.808395
v -0.299830 0.125000 0.723854
v -0.287013 0.000000 0.692910
v -0.299830 -0.125000 0.723854
v -0.334848 -0.216506 0.808395
v -0.382684 -0.250000 0.923880
v -0.430519 -0.216506 1.039364
v -0.465537 -0.125000 1.123905
v -0.323524 0.000000 1.207407
v -0.314855 0.125000 1.175055
v -0.291172 0.216506 1.086666
v -0.258819 0.250000 0.965926
v -0.226467 0.216506 0.845185
v -0.202783 0.125000 0.756797
v -0.194115 0.000000 0.724444
v -0.202783 -0.125000 0.756797
v -0.226467 -0.216506 0.845185
v -0.258819 -0.250000 0.965926
v -0.291172 -0.216506 1.086666
v -0.314855 -0.125000 1.175055
v -0.158787 0.125000 1.206099
v -0.146843 0.216506 1.115375
v -0.130527 0.250000 0.991445
v -0.114211 0.216506 0.867514
v -0.102267 0.125000 0.776791
v -0.097895 0.000000 0.743584
v -0.102267 -0.125000 0.776791
v -0.114211 -0.216506 0.867514
v -0.130527 -0.250000 0.991445
v -0.146843 -0.216506 1.115375
v -0.158787 -0.125000 1.206099
v 0.000000 0.125000 1.216506
v 0.000000 0.216506 1.125000
v 0.000000 0.250000 1.000000
v 0.000000 0.216506 0.875000
v 0.000000 0.125000 0.783494
v 0.000000 0.000000 0.750000
v 0.000000 -0.125000 0.783494
v 0.000000 -0.216506 0.875000
v 0.000000 -0.250000 1.000000
v 0.000000 -0.216506 1.125000
v 0.000000 -0.125000 1.216506
v 0.158786 0.125000 1.206099
v 0.146842 0.216506 1.115376
v 0.130526 0.250000 0.991445
v 0.114210 0.216506 0.867514
v 0.102266 0.125000 0.776791
v 0.097895 0.000000 0.743584
v 0.102266 -0.125000 0.776791
v 0.114210 -0.216506 0.867514
v 0.130526 -0.250000 0.991445
v 0.146842 -0.216506 1.115376
v 0.158786 -0.125000 1.206099
v 0.323523 0.000000 1.207407
v 0.314854 0.125000 1.175055
v 0.291171 0.216506 1.086667
v 0.258819 0.250000 0.965926
v 0.226466 0.216506 0.845185
v 0.202783 0.125000 0.756797
v 0.194114 0.000000 0.724444
v 0.202783 -0.125000 0.756797
v 0.226466 -0.216506 0.845185
v 0.258819 -0.250000 0.965926
v 0.291171 -0.216506 1.086667
v 0.314854 -0.125000 1.175055
v 0.478355 0.000000 1.154849
v 0.465537 0.125000 1.123905
v 0.430519 0.216506 1.039364
v 0.382684 0.250000 0.923879
v 0.334848 0.216506 0.808394
v 0.299830 0.125000 0.723854
v 0.287013 0.000000 0.692910
v 0.299830 -0.125000 0.723854
v 0.334848 -0.216506 0.808394
v 0.382684 -0.250000 0.923879
v 0.430519 -0.216506 1.039364
v 0.465537 -0.125000 1.123905
v 0.625000 0.000000 1.082532
v 0.608253 0.125000 1.053525
v 0.562500 0.216506 0.974279
v 0.500000 0.250000 0.866025
v 0.437500 0.216506 0.757772
v 0.391747 0.125000 0.678525
v 0.375000 0.000000 0.649519
v 0.391747 -0.125000 0.678525
v 0.437500 -0.216506 0.757772
v 0.500000 -0.250000 0.866025
v 0.562500 -0.216506 0.974279
v 0.608253 -0.125000 1.053525
v 0.760952 0.000000 0.991692
v 0.740562 0.125000 0.965120
v 0.684856 0.216506 0.892523
v 0.608761 0.250000 0.793353
v 0.532666 0.216506 0.694184
v 0.476961 0.125000 0.621587
v 0.456571 0.000000 0.595015
v 0.476961 -0.125000 0.621587
v 0.532666 -0.216506 0.694184
v 0.608761 -0.250000 0.793353
v 0.684856 -0.216506 0.892523
v 0.740562 -0.125000 0.965120
v 0.883883 0.000000 0.883884
v 0.860199 0.125000 0.860200
v 0.795495 0.216506 0.795496
v 0.707106 0.250000 0.707107
v 0.618718 0.216506 0.618719
v 0.554013 0.125000 0.554014
v 0.530330 0.000000 0.530330
v 0.554013 -0.125000 0.554014
v 0.618718 -0.216506 0.618719
v 0.707106 -0.250000 0.707107
v 0.795495 -0.216506 0.795496
v 0.860199 -0.125000 0.860200
v 0.991692 0.000000 0.760952
v 0.965119 0.125000 0.740562
v 0.892523 0.216506 0.684856
v 0.793353 0.250000 0.608761
v 0.694184 0.216506 0.532666
v 0.621587 0.125000 0.476961
v 0.595015 0.000000 0.456571
v 0.621587 -0.125000 0.476961
v 0.694184 -0.216506 0.532666
v 0.793353 -0.250000 0.608761
v 0.892523 -0.216506 0.684856
v 0.965119 -0.125000 0.740562
v 1.082532 0.000000 0.625000
v 1.053525 0.125000 0.608253
v 0.974279 0.216506 0.562500
v 0.866025 0.250000 0.500000
v 0.757772 0.216506 0.437500
v 0.678525 0.125000 0.391747
v 0.649519 0.000000 0.375000
v 0.678525 -0.125000 0.391747
v 0.757772 -0.216506 0.437500
v 0.866025 -0.250000 0.500000
v 0.974279 -0.216506 0.562500
v 1.053525 -0.125000 0.608253
v 1.154849 0.000000 0.478355
v 1.123905 0.125000 0.465537
v 1.039364 0.216506 0.430519
v 0.923879 0.250000 0.382684
v 0.808394 0.216506 0.334848
v 0.723854 0.125000 0.299830
v 0.692910 0.000000 0.287013
v 0.723854 -0.125000 0.299830
v 0.808394 -0.216506 0.334848
v 0.923879 -0.250000 0.382684
v 1.039364 -0.216506 0.430519
v 1.123905 -0.125000 0.465537
v 1.207407 0.000000 0.323523
v 1.175055 0.125000 0.314855
v 1.086667 0.216506 0.291171
v 0.965926 0.250000 0.258819
v 0.845185 0.216506 0.226466
v 0.756797 0.125000 0.202783
v 0.724444 0.000000 0.194114
v 0.756797 -0.125000 0.202783
v 0.845185 -0.216506 0.226466
v 0.965926 -0.250000 0.258819
v 1.086667 -0.216506 0.291171
v 1.175055 -0.125000 0.314855
v 1.239306 0.000000 0.163158
v 1.206099 0.125000 0.158786
v 1.115376 0.216506 0.146842
v 0.991445 0.250000 0.130526
v 0.867514 0.216506 0.114210
v 0.776791 0.125000 0.102266
v 0.743584 0.000000 0.097895
v 0.776791 -0.125000 0.102266
v 0.867514 -0.216506 0.114210
v 0.991445 -0.250000 0.130526
v 1.115376 -0.216506 0.146842
v 1.206099 -0.125000 0.158786
v -0.323525 0.000000 5.612704
v -0.314857 0.125000 5.580352
v -0.314857 -0.125000 5.580352
v -0.163160 0.000000 5.644603
v -0.158788 0.125000 5.611396
v -0.158788 -0.125000 5.611396
v -0.000001 0.125000 5.621803
v -0.000001 -0.125000 5.621803
v 0.163156 0.000000 5.644603
v 0.158785 0.125000 5.611396
v 0.158785 -0.125000 5.611396
v 0.323522 0.000000 5.612704
v 0.314853 0.125000 5.580352
v 0.314853 -0.125000 5.580352
v -0.000001 0.125000 5.247075
v 0.314853 -0.125000 5.205623
v 0.158785 -0.125000 5.236667
v -0.158788 0.125000 5.236667
v -0.314856 0.125000 5.205623
v -0.000001 -0.125000 5.247075
v -0.314856 -0.125000 5.205623
v -0.158788 -0.125000 5.236667
v 0.323522 0.000000 5.237976
v 0.314853 0.125000 5.205623
v -0.323525 0.000000 5.237976
v 0.158785 0.125000 5.236667
v -0.158788 0.125000 4.872429
v -0.314856 -0.125000 4.841385
v 0.323522 0.000000 4.873738
v -0.323525 0.000000 4.873738
v 0.158785 0.125000 4.872429
v 0.314853 -0.125000 4.841385
v 0.158785 -0.125000 4.872429
v -0.314856 0.125000 4.841385
v -0.000001 -0.125000 4.882837
v -0.158788 -0.125000 4.872429
v 0.314853 0.125000 4.841385
v -0.158788 0.125000 4.454696
v -0.314856 -0.125000 4.423652
v 0.323522 0.000000 4.456004
v -0.323525 0.000000 4.456004
v 0.158785 0.125000 4.454696
v 0.314854 -0.125000 4.423652
v 0.158785 -0.125000 4.454696
v -0.314856 0.125000 4.423652
v -0.000001 -0.125000 4.465103
v -0.158788 -0.125000 4.454696
v 0.314854 0.125000 4.423652
v -0.158787 0.125000 4.236627
v -0.314856 -0.125000 4.205583
v 0.323522 0.000000 4.237935
v -0.323525 0.000000 4.237935
v 0.158785 0.125000 4.236627
v 0.314854 -0.125000 4.205583
v 0.158785 -0.125000 4.236627
v -0.314856 0.125000 4.205583
v -0.000001 -0.125000 4.247034
v -0.158787 -0.125000 4.236627
v 0.314854 0.125000 4.205583
v -0.158787 0.125000 3.921154
v -0.314856 -0.125000 3.890110
v 0.323523 0.000000 3.922462
v -0.323525 0.000000 3.922462
v 0.158785 0.125000 3.921154
v 0.314854 -0.125000 3.890110
v 0.158785 -0.125000 3.921154
v -0.314856 0.125000 3.890110
v -0.000001 -0.125000 3.931561
v -0.158787 -0.125000 3.921154
v 0.314854 0.125000 3.890110
v -0.158787 0.125000 3.538436
v -0.314856 -0.125000 3.507392
v 0.323523 0.000000 3.539744
v -0.323525 0.000000 3.539744
v 0.158785 0.125000 3.538436
v 0.314854 -0.125000 3.507392
v 0.158785 -0.125000 3.538436
v -0.314856 0.125000 3.507392
v -0.000001 -0.125000 3.548843
v -0.158787 -0.125000 3.538436
v 0.314854 0.125000 3.507392
v -0.158787 0.125000 3.228507
v -0.314856 -0.125000 3.197463
v 0.323523 0.000000 3.229815
v -0.323525 0.000000 3.229815
v 0.158785 0.125000 3.228507
v 0.314854 -0.125000 3.197463
v 0.158785 -0.125000 3.228507
v -0.314856 0.125000 3.197463
v -0.000000 -0.125000 3.238914
v -0.158787 -0.125000 3.228507
v 0.314854 0.125000 3.197463
v -0.158787 0.125000 2.790939
v -0.314856 -0.125000 2.759895
v 0.323523 0.000000 2.792248
v -0.323525 0.000000 2.792248
v 0.158785 0.125000 2.790939
v 0.314854 -0.125000 2.759895
v 0.158785 -0.125000 2.790939
v -0.314856 0.125000 2.759895
v -0.000000 -0.125000 2.801347
v -0.158787 -0.125000 2.790939
v 0.314854 0.125000 2.759895
v -0.158787 0.125000 2.414992
v -0.314856 -0.125000 2.383948
v 0.323523 0.000000 2.416300
v -0.323525 0.000000 2.416300
v 0.158785 0.125000 2.414992
v 0.314854 -0.125000 2.383948
v 0.158785 -0.125000 2.414992
v -0.314856 0.125000 2.383948
v -0.000000 -0.125000 2.425399
v -0.158787 -0.125000 2.414992
v 0.314854 0.125000 2.383948
v -0.158787 0.125000 2.082455
v -0.314856 -0.125000 2.051411
v 0.323523 0.000000 2.083763
v -0.323524 0.000000 2.083763
v 0.158785 0.125000 2.082455
v 0.314854 -0.125000 2.051411
v 0.158785 -0.125000 2.082455
v -0.314856 0.125000 2.051411
v -0.000000 -0.125000 2.092862
v -0.158787 -0.125000 2.082455
v 0.314854 0.125000 2.051411
v -0.163160 0.000000 5.810682
v -0.158788 0.125000 5.777475
v -0.158788 -0.125000 5.777475
v -0.000001 0.000000 5.821376
v -0.000001 0.125000 5.787883
v -0.000001 -0.125000 5.787883
v 0.163156 0.000000 5.810682
v 0.158785 0.125000 5.777475
v 0.158785 -0.125000 5.777475
v 0.345204 -0.125000 4.841385
v 0.345204 -0.125000 5.205623
v 0.345204 0.125000 4.841385
v 0.345204 0.125000 5.205623
v 0.353873 0.000000 5.237976
v 0.353873 0.000000 4.873738
v 0.365727 -0.125000 4.205583
v 0.365727 -0.125000 4.423652
v 0.365727 0.125000 4.205583
v 0.365727 0.125000 4.423652
v 0.374395 0.000000 4.456004
v 0.374395 0.000000 4.237935
v 0.366473 -0.125000 3.507392
v 0.366473 -0.125000 3.890110
v 0.366473 0.125000 3.507392
v 0.366473 0.125000 3.890110
v 0.375142 0.000000 3.922462
v 0.375142 0.000000 3.539744
v 0.346006 -0.125000 2.759895
v 0.346006 -0.125000 3.197463
v 0.346006 0.125000 2.759895
v 0.346006 0.125000 3.197463
v 0.354675 0.000000 3.229815
v 0.354675 0.000000 2.792248
v 0.341240 -0.125000 2.051411
v 0.341240 -0.125000 2.383948
v 0.341240 0.125000 2.051411
v 0.341240 0.125000 2.383948
v 0.349909 0.000000 2.416300
v 0.349909 0.000000 2.083763
v 0.376613 -0.129283 5.205623
v 0.376613 -0.129283 5.580352
v 0.385281 -0.004283 5.612704
v 0.385282 -0.004283 5.237976
v 0.389584 0.130183 5.205623
v 0.389584 0.130183 5.580352
v 0.398253 0.005183 5.612704
v 0.398253 0.005183 5.237976
v 0.455377 0.000000 2.083763
v 0.455377 0.000000 1.207407
v 0.446708 0.125000 1.175055
v 0.446708 -0.125000 1.175055
v 0.446708 -0.125000 2.051411
v 0.446708 0.125000 2.051411
v -0.000000 0.093824 2.092862
v 0.000000 0.093824 1.216506
v -0.158787 0.093824 2.082455
v -0.158787 0.093824 1.206099
v 0.158786 0.093824 1.206099
v 0.158785 0.093824 2.082455
v -0.000001 0.093824 5.247075
v 0.158785 0.093824 5.236667
v -0.158788 0.093824 5.236667
v -0.000001 0.093824 4.882837
v -0.158788 0.093824 4.872429
v 0.158785 0.093824 4.872429
v -0.000001 0.093824 4.465103
v -0.158788 0.093824 4.454696
v 0.158785 0.093824 4.454696
v -0.000001 0.093824 4.247034
v -0.158787 0.093824 4.236627
v 0.158785 0.093824 4.236627
v -0.000001 0.093824 3.931561
v -0.158787 0.093824 3.921154
v 0.158785 0.093824 3.921154
v -0.000001 0.093824 3.548843
v -0.158787 0.093824 3.538436
v 0.158785 0.093824 3.538436
v -0.000000 0.093824 3.238914
v -0.158787 0.093824 3.228507
v 0.158785 0.093824 3.228507
v -0.000000 0.093824 2.801347
v -0.158787 0.093824 2.790939
v 0.158785 0.093824 2.790939
v -0.000000 0.093824 2.425399
v -0.158787 0.093824 2.414992
v 0.158785 0.093824 2.414992
vn 1.0000 -0.0000 -0.0000
vn 0.8687 0.4954 -0.0000
vn 0.5080 0.8614 -0.0000
vn 0.0108 0.9999 -0.0000
vn -0.4918 0.8707 -0.0000
vn -0.8633 0.5047 -0.0000
vn -1.0000 -0.0000 -0.0000
vn -0.8633 -0.5047 -0.0000
vn -0.4918 -0.8707 -0.0000
vn 0.0108 -0.9999 -0.0000
vn 0.5080 -0.8614 -0.0000
vn 0.8687 -0.4954 -0.0000
vn 0.9914 -0.0000 -0.1305
vn 0.8612 0.4954 -0.1134
vn 0.5037 0.8614 -0.0663
vn 0.0107 0.9999 -0.0014
vn -0.4876 0.8707 0.0642
vn -0.8559 0.5047 0.1127
vn -0.9914 -0.0000 0.1305
vn -0.8559 -0.5047 0.1127
vn -0.4876 -0.8707 0.0642
vn 0.0107 -0.9999 -0.0014
vn 0.5037 -0.8614 -0.0663
vn 0.8612 -0.4954 -0.1134
vn 0.9659 -0.0000 -0.2588
vn 0.8391 0.4954 -0.2248
vn 0.4907 0.8614 -0.1315
vn 0.0104 0.9999 -0.0028
vn -0.4751 0.8707 0.1273
vn -0.8339 0.5047 0.2234
vn -0.9659 -0.0000 0.2588
vn -0.8339 -0.5047 0.2234
vn -0.4751 -0.8707 0.1273
vn 0.0104 -0.9999 -0.0028
vn 0.4907 -0.8614 -0.1315
vn 0.8391 -0.4954 -0.2248
vn 0.9239 -0.0000 -0.3827
vn 0.8025 0.4954 -0.3324
vn 0.4693 0.8614 -0.1944
vn 0.0100 0.9999 -0.0041
vn -0.4544 0.8707 0.1882
vn -0.7976 0.5047 0.3304
vn -0.9239 -0.0000 0.3827
vn -0.7976 -0.5047 0.3304
vn -0.4544 -0.8707 0.1882
vn 0.0100 -0.9999 -0.0041
vn 0.4693 -0.8614 -0.1944
vn 0.8025 -0.4954 -0.3324
vn 0.8660 -0.0000 -0.5000
vn 0.7523 0.4954 -0.4343
vn 0.4399 0.8614 -0.2540
vn 0.0093 0.9999 -0.0054
vn -0.4259 0.8707 0.2459
vn -0.7476 0.5047 0.4316
vn -0.8660 -0.0000 0.5000
vn -0.7476 -0.5047 0.4316
vn -0.4259 -0.8707 0.2459
vn 0.0093 -0.9999 -0.0054
vn 0.4399 -0.8614 -0.2540
vn 0.7523 -0.4954 -0.4343
vn 0.7934 -0.0000 -0.6088
vn 0.6892 0.4954 -0.5288
vn 0.4030 0.8614 -0.3093
vn 0.0086 0.9999 -0.0066
vn -0.3902 0.8707 0.2994
vn -0.6849 0.5047 0.5255
vn -0.7934 -0.0000 0.6088
vn -0.6849 -0.5047 0.5255
vn -0.3902 -0.8707 0.2994
vn 0.0086 -0.9999 -0.0066
vn 0.4030 -0.8614 -0.3093
vn 0.6892 -0.4954 -0.5288
vn 0.7071 -0.0000 -0.7071
vn 0.6142 0.4954 -0.6142
vn 0.3592 0.8614 -0.3592
vn 0.0076 0.9999 -0.0076
vn -0.3478 0.8707 0.3478
vn -0.6104 0.5047 0.6104
vn -0.7071 -0.0000 0.7071
vn -0.6104 -0.5047 0.6104
vn -0.3478 -0.8707 0.3478
vn 0.0076 -0.9999 -0.0076
vn 0.3592 -0.8614 -0.3592
vn 0.6142 -0.4954 -0.6142
vn 0.6088 -0.0000 -0.7934
vn 0.5288 0.4954 -0.6892
vn 0.3092 0.8614 -0.4030
vn 0.0066 0.9999 -0.0085
vn -0.2994 0.8707 0.3902
vn -0.5255 0.5047 0.6849
vn -0.6088 -0.0000 0.7934
vn -0.5255 -0.5047 0.6849
vn -0.2994 -0.8707 0.3902
vn 0.0066 -0.9999 -0.0085
vn 0.3092 -0.8614 -0.4030
vn 0.5288 -0.4954 -0.6892
vn 0.5000 -0.0000 -0.8660
vn 0.4343 0.4954 -0.7523
vn 0.2540 0.8614 -0.4399
vn 0.0054 0.9999 -0.0093
vn -0.2459 0.8707 0.4259
vn -0.4316 0.5047 0.7476
vn -0.5000 -0.0000 0.8660
vn -0.4316 -0.5047 0.7476
vn -0.2459 -0.8707 0.4259
vn 0.0054 -0.9999 -0.0093
vn 0.2540 -0.8614 -0.4399
vn 0.4343 -0.4954 -0.7523
vn 0.3827 -0.0000 -0.9239
vn 0.3324 0.4954 -0.8025
vn 0.1944 0.8614 -0.4693
vn 0.0041 0.9999 -0.0100
vn -0.1882 0.8707 0.4544
vn -0.3304 0.5047 0.7976
vn -0.3827 -0.0000 0.9239
vn -0.3304 -0.5047 0.7976
vn -0.1882 -0.8707 0.4544
vn 0.0041 -0.9999 -0.0100
vn 0.1944 -0.8614 -0.4693
vn 0.3324 -0.4954 -0.8025
vn 0.2588 -0.0000 -0.9659
vn 0.2248 0.4954 -0.8391
vn 0.1315 0.8614 -0.4907
vn 0.0028 0.9999 -0.0104
vn -0.1273 0.8707 0.4751
vn -0.2234 0.5047 0.8339
vn -0.2588 -0.0000 0.9659
vn -0.2234 -0.5047 0.8339
vn -0.1273 -0.8707 0.4751
vn 0.0028 -0.9999 -0.0104
vn 0.1315 -0.8614 -0.4907
vn 0.2248 -0.4954 -0.8391
vn 0.1305 -0.0000 -0.9914
vn 0.1134 0.4954 -0.8612
vn 0.0663 0.8614 -0.5037
vn 0.0014 0.9999 -0.0107
vn -0.0642 0.8707 0.4876
vn -0.1127 0.5047 0.8559
vn -0.1305 -0.0000 0.9914
vn -0.1127 -0.5047 0.8559
vn -0.0642 -0.8707 0.4876
vn 0.0014 -0.9999 -0.0107
vn 0.0663 -0.8614 -0.5037
vn 0.1134 -0.4954 -0.8612
vn -0.0000 -0.0000 -1.0000
vn -0.0000 0.4954 -0.8687
vn -0.0000 0.8614 -0.5080
vn -0.0000 0.9999 -0.0108
vn -0.0000 0.8707 0.4918
vn -0.0000 0.5047 0.8633
vn -0.0000 -0.0000 1.0000
vn -0.0000 -0.5047 0.8633
vn -0.0000 -0.8707 0.4918
vn -0.0000 -0.9999 -0.0108
vn -0.0000 -0.8614 -0.5080
vn -0.0000 -0.4954 -0.8687
vn -0.1305 -0.0000 -0.9914
vn -0.1134 0.4954 -0.8612
vn -0.0663 0.8614 -0.5036
vn -0.0014 0.9999 -0.0107
vn 0.0642 0.8707 0.4876
vn 0.1127 0.5047 0.8559
vn 0.1305 -0.0000 0.9914
vn 0.1127 -0.5047 0.8559
vn 0.0642 -0.8707 0.4876
vn -0.0014 -0.9999 -0.0107
vn -0.0663 -0.8614 -0.5036
vn -0.1134 -0.4954 -0.8612
vn -0.2588 -0.0000 -0.9659
vn -0.2248 0.4954 -0.8391
vn -0.1315 0.8614 -0.4907
vn -0.0028 0.9999 -0.0104
vn 0.1273 0.8707 0.4751
vn 0.2234 0.5047 0.8339
vn 0.2588 -0.0000 0.9659
vn 0.2234 -0.5047 0.8339
vn 0.1273 -0.8707 0.4751
vn -0.0028 -0.9999 -0.0104
vn -0.1315 -0.8614 -0.4907
vn -0.2248 -0.4954 -0.8391
vn -0.3827 -0.0000 -0.9239
vn -0.3324 0.4954 -0.8025
vn -0.1944 0.8614 -0.4693
vn -0.0041 0.9999 -0.0100
vn 0.1882 0.8707 0.4544
vn 0.3304 0.5047 0.7976
vn 0.3827 -0.0000 0.9239
vn 0.3304 -0.5047 0.7976
vn 0.1882 -0.8707 0.4544
vn -0.0041 -0.9999 -0.0100
vn -0.1944 -0.8614 -0.4693
vn -0.3324 -0.4954 -0.8025
vn -0.5000 -0.0000 -0.8660
vn -0.4343 0.4954 -0.7523
vn -0.2540 0.8614 -0.4399
vn -0.0054 0.9999 -0.0093
vn 0.2459 0.8707 0.4259
vn 0.4316 0.5047 0.7476
vn 0.5000 -0.0000 0.8660
vn 0.4316 -0.5047 0.7476
vn 0.2459 -0.8707 0.4259
vn -0.0054 -0.9999 -0.0093
vn -0.2540 -0.8614 -0.4399
vn -0.4343 -0.4954 -0.7523
vn -0.6088 -0.0000 -0.7934
vn -0.5288 0.4954 -0.6892
vn -0.3092 0.8614 -0.4030
vn -0.0066 0.9999 -0.0085
vn 0.2994 0.8707 0.3902
vn 0.5255 0.5047 0.6849
vn 0.6088 -0.0000 0.7934
vn 0.5255 -0.5047 0.6849
vn 0.2994 -0.8707 0.3902
vn -0.0066 -0.9999 -0.0085
vn -0.3092 -0.8614 -0.4030
vn -0.5288 -0.4954 -0.6892
vn -0.7071 -0.0000 -0.7071
vn -0.6142 0.4954 -0.6142
vn -0.3592 0.8614 -0.3592
vn -0.0076 0.9999 -0.0076
vn 0.3478 0.8707 0.3478
vn 0.6104 0.5047 0.6104
vn 0.7071 -0.0000 0.7071
vn 0.6104 -0.5047 0.6104
vn 0.3478 -0.8707 0.3478
vn -0.0076 -0.9999 -0.0076
vn -0.3592 -0.8614 -0.3592
vn -0.6142 -0.4954 -0.6142
vn -0.7934 -0.0000 -0.6088
vn -0.6892 0.4954 -0.5288
vn -0.4030 0.8614 -0.3092
vn -0.0085 0.9999 -0.0066
vn 0.3902 0.8707 0.2994
vn 0.6849 0.5047 0.5255
vn 0.7934 -0.0000 0.6088
vn 0.6849 -0.5047 0.5255
vn 0.3902 -0.8707 0.2994
vn -0.0086 -0.9999 -0.0066
vn -0.4030 -0.8614 -0.3092
vn -0.6892 -0.4954 -0.5288
vn -0.8660 -0.0000 -0.5000
vn -0.7523 0.4954 -0.4343
vn -0.4399 0.8614 -0.2540
vn -0.0093 0.9999 -0.0054
vn 0.4259 0.8707 0.2459
vn 0.7476 0.5047 0.4316
vn 0.8660 -0.0000 0.5000
vn 0.7476 -0.5047 0.4316
vn 0.4259 -0.8707 0.2459
vn -0.0093 -0.9999 -0.0054
vn -0.4399 -0.8614 -0.2540
vn -0.7523 -0.4954 -0.4343
vn -0.9239 -0.0000 -0.3827
vn -0.8025 0.4954 -0.3324
vn -0.4693 0.8614 -0.1944
vn -0.0100 0.9999 -0.0041
vn 0.4544 0.8707 0.1882
vn 0.7976 0.5047 0.3304
vn 0.9239 -0.0000 0.3827
vn 0.7976 -0.5047 0.3304
vn 0.4544 -0.8707 0.1882
vn -0.0100 -0.9999 -0.0041
vn -0.4693 -0.8614 -0.1944
vn -0.8025 -0.4954 -0.3324
vn -0.9659 -0.0000 -0.2588
vn -0.8391 0.4954 -0.2248
vn -0.4907 0.8614 -0.1315
vn -0.0104 0.9999 -0.0028
vn 0.4751 0.8707 0.1273
vn 0.8339 0.5047 0.2234
vn 0.9659 -0.0000 0.2588
vn 0.8339 -0.5047 0.2234
vn 0.4751 -0.8707 0.1273
vn -0.0104 -0.9999 -0.0028
vn -0.4907 -0.8614 -0.1315
vn -0.8391 -0.4954 -0.2248
vn -0.9914 -0.0000 -0.1305
vn -0.8612 0.4954 -0.1134
vn -0.5037 0.8614 -0.0663
vn -0.0107 0.9999 -0.0014
vn 0.4876 0.8707 0.0642
vn 0.8559 0.5047 0.1127
vn 0.9914 -0.0000 0.1305
vn 0.8559 -0.5047 0.1127
vn 0.4876 -0.8707 0.0642
vn -0.0107 -0.9999 -0.0014
vn -0.5036 -0.8614 -0.0663
vn -0.8612 -0.4954 -0.1134
vn -0.8687 0.4954 -0.0000
vn -0.5080 0.8614 -0.0000
vn -0.0108 0.9999 -0.0000
vn 0.4918 0.8707 -0.0000
vn 0.8633 0.5047 -0.0000
vn 0.8633 -0.5047 -0.0000
vn 0.4918 -0.8707 -0.0000
vn -0.0108 -0.9999 -0.0000
vn -0.5080 -0.8614 -0.0000
vn -0.8687 -0.4954 -0.0000
vn -0.8612 0.4954 0.1134
vn -0.5036 0.8614 0.0663
vn -0.0107 0.9999 0.0014
vn 0.4876 0.8707 -0.0642
vn 0.8559 0.5047 -0.1127
vn 0.8559 -0.5047 -0.1127
vn 0.4876 -0.8707 -0.0642
vn -0.0107 -0.9999 0.0014
vn -0.5036 -0.8614 0.0663
vn -0.8612 -0.4954 0.1134
vn -0.8391 0.4954 0.2248
vn -0.4907 0.8614 0.1315
vn -0.0104 0.9999 0.0028
vn 0.4751 0.8707 -0.1273
vn 0.8339 0.5047 -0.2234
vn 0.8339 -0.5047 -0.2234
vn 0.4751 -0.8707 -0.1273
vn -0.0104 -0.9999 0.0028
vn -0.4907 -0.8614 0.1315
vn -0.8391 -0.4954 0.2248
vn -0.8025 0.4954 0.3324
vn -0.4693 0.8614 0.1944
vn -0.0100 0.9999 0.0041
vn 0.4544 0.8707 -0.1882
vn 0.7976 0.5047 -0.3304
vn 0.7976 -0.5047 -0.3304
vn 0.4544 -0.8707 -0.1882
vn -0.0100 -0.9999 0.0041
vn -0.4693 -0.8614 0.1944
vn -0.8025 -0.4954 0.3324
vn -0.7523 0.4954 0.4343
vn -0.4399 0.8614 0.2540
vn -0.0093 0.9999 0.0054
vn 0.4259 0.8707 -0.2459
vn 0.7476 0.5047 -0.4316
vn 0.7476 -0.5047 -0.4316
vn 0.4259 -0.8707 -0.2459
vn -0.0093 -0.9999 0.0054
vn -0.4399 -0.8614 0.2540
vn -0.7523 -0.4954 0.4343
vn -0.6892 0.4954 0.5288
vn -0.4030 0.8614 0.3092
vn -0.0086 0.9999 0.0066
vn 0.3902 0.8707 -0.2994
vn 0.6849 0.5047 -0.5255
vn 0.6849 -0.5047 -0.5255
vn 0.3902 -0.8707 -0.2994
vn -0.0086 -0.9999 0.0066
vn -0.4030 -0.8614 0.3092
vn -0.6892 -0.4954 0.5288
vn -0.6142 0.4954 0.6142
vn -0.3592 0.8614 0.3592
vn -0.0076 0.9999 0.0076
vn 0.3478 0.8707 -0.3478
vn 0.6104 0.5047 -0.6104
vn 0.6104 -0.5047 -0.6104
vn 0.3478 -0.8707 -0.3478
vn -0.0076 -0.9999 0.0076
vn -0.3592 -0.8614 0.3592
vn -0.6142 -0.4954 0.6142
vn -0.5288 0.4954 0.6892
vn -0.3093 0.8614 0.4030
vn -0.0066 0.9999 0.0086
vn 0.2994 0.8707 -0.3902
vn 0.5255 0.5047 -0.6849
vn 0.5255 -0.5047 -0.6849
vn 0.2994 -0.8707 -0.3902
vn -0.0066 -0.9999 0.0086
vn -0.3093 -0.8614 0.4030
vn -0.5288 -0.4954 0.6892
vn -0.4343 0.4954 0.7523
vn -0.2540 0.8614 0.4399
vn -0.0054 0.9999 0.0093
vn 0.2459 0.8707 -0.4259
vn 0.4316 0.5047 -0.7476
vn 0.4316 -0.5047 -0.7476
vn 0.2459 -0.8707 -0.4259
vn -0.0054 -0.9999 0.0093
vn -0.2540 -0.8614 0.4399
vn -0.4343 -0.4954 0.7523
vn -0.3324 0.4954 0.8025
vn -0.1944 0.8614 0.4693
vn -0.0041 0.9999 0.0100
vn 0.1882 0.8707 -0.4544
vn 0.3304 0.5047 -0.7976
vn 0.3304 -0.5047 -0.7976
vn 0.1882 -0.8707 -0.4544
vn -0.0041 -0.9999 0.0100
vn -0.1944 -0.8614 0.4693
vn -0.3324 -0.4954 0.8025
vn -0.8508 -0.0000 0.5255
vn -0.4038 0.6879 0.6031
vn -0.1315 0.8614 0.4907
vn -0.0028 0.9999 0.0104
vn 0.1273 0.8707 -0.4751
vn 0.2234 0.5047 -0.8339
vn 0.2234 -0.5047 -0.8339
vn 0.1273 -0.8707 -0.4751
vn -0.0028 -0.9999 0.0104
vn -0.1315 -0.8614 0.4907
vn -0.4038 -0.6879 0.6031
vn 0.2149 0.7100 0.6705
vn -0.0663 0.8614 0.5037
vn -0.0014 0.9999 0.0107
vn 0.0642 0.8707 -0.4876
vn 0.1127 0.5047 -0.8559
vn 0.1127 -0.5047 -0.8559
vn 0.0642 -0.8707 -0.4876
vn -0.0014 -0.9999 0.0107
vn -0.0663 -0.8614 0.5037
vn -0.0482 -0.9295 0.3658
vn -0.0000 0.3772 0.9261
vn -0.0000 0.8614 0.5080
vn -0.0000 0.9999 0.0108
vn -0.0000 0.8707 -0.4918
vn -0.0000 0.5047 -0.8633
vn -0.0000 -0.5047 -0.8633
vn -0.0000 -0.8707 -0.4918
vn -0.0000 -0.9999 0.0108
vn -0.0000 -0.8614 0.5080
vn -0.0000 -0.9295 0.3689
vn -0.2149 0.7100 0.6705
vn 0.0663 0.8614 0.5037
vn 0.0014 0.9999 0.0107
vn -0.0642 0.8707 -0.4876
vn -0.1127 0.5047 -0.8559
vn -0.1127 -0.5047 -0.8559
vn -0.0642 -0.8707 -0.4876
vn 0.0014 -0.9999 0.0107
vn 0.0663 -0.8614 0.5037
vn 0.0482 -0.9295 0.3658
vn 0.9467 -0.0000 -0.3221
vn 0.1864 0.9107 0.3686
vn 0.1315 0.8614 0.4907
vn 0.0028 0.9999 0.0104
vn -0.1273 0.8707 -0.4751
vn -0.2234 0.5047 -0.8339
vn -0.2234 -0.5047 -0.8339
vn -0.1273 -0.8707 -0.4751
vn 0.0028 -0.9999 0.0104
vn 0.1315 -0.8614 0.4907
vn 0.1864 -0.9107 0.3686
vn 0.3324 0.4954 0.8025
vn 0.1944 0.8614 0.4693
vn 0.0041 0.9999 0.0100
vn -0.1882 0.8707 -0.4544
vn -0.3304 0.5047 -0.7976
vn -0.3304 -0.5047 -0.7976
vn -0.1882 -0.8707 -0.4544
vn 0.0041 -0.9999 0.0100
vn 0.1944 -0.8614 0.4693
vn 0.3324 -0.4954 0.8025
vn 0.4343 0.4954 0.7523
vn 0.2540 0.8614 0.4399
vn 0.0054 0.9999 0.0093
vn -0.2459 0.8707 -0.4259
vn -0.4316 0.5047 -0.7476
vn -0.4316 -0.5047 -0.7476
vn -0.2459 -0.8707 -0.4259
vn 0.0054 -0.9999 0.0093
vn 0.2540 -0.8614 0.4399
vn 0.4343 -0.4954 0.7523
vn 0.5288 0.4954 0.6892
vn 0.3092 0.8614 0.4030
vn 0.0066 0.9999 0.0085
vn -0.2994 0.8707 -0.3902
vn -0.5255 0.5047 -0.6849
vn -0.5255 -0.5047 -0.6849
vn -0.2994 -0.8707 -0.3902
vn 0.0066 -0.9999 0.0086
vn 0.3092 -0.8614 0.4030
vn 0.5288 -0.4954 0.6892
vn 0.6142 0.4954 0.6142
vn 0.3592 0.8614 0.3592
vn 0.0076 0.9999 0.0076
vn -0.3478 0.8707 -0.3478
vn -0.6104 0.5047 -0.6104
vn -0.6104 -0.5047 -0.6104
vn -0.3478 -0.8707 -0.3478
vn 0.0076 -0.9999 0.0076
vn 0.3592 -0.8614 0.3592
vn 0.6142 -0.4954 0.6142
vn 0.6892 0.4954 0.5288
vn 0.4030 0.8614 0.3092
vn 0.0086 0.9999 0.0066
vn -0.3902 0.8707 -0.2994
vn -0.6849 0.5047 -0.5255
vn -0.6849 -0.5047 -0.5255
vn -0.3902 -0.8707 -0.2994
vn 0.0085 -0.9999 0.0066
vn 0.4030 -0.8614 0.3093
vn 0.6892 -0.4954 0.5288
vn 0.7523 0.4954 0.4343
vn 0.4399 0.8614 0.2540
vn 0.0093 0.9999 0.0054
vn -0.4259 0.8707 -0.2459
vn -0.7476 0.5047 -0.4316
vn -0.7476 -0.5047 -0.4316
vn -0.4259 -0.8707 -0.2459
vn 0.0093 -0.9999 0.0054
vn 0.4399 -0.8614 0.2540
vn 0.7523 -0.4954 0.4343
vn 0.8025 0.4954 0.3324
vn 0.4693 0.8614 0.1944
vn 0.0100 0.9999 0.0041
vn -0.4544 0.8707 -0.1882
vn -0.7976 0.5047 -0.3304
vn -0.7976 -0.5047 -0.3304
vn -0.4544 -0.8707 -0.1882
vn 0.0100 -0.9999 0.0041
vn 0.4693 -0.8614 0.1944
vn 0.8025 -0.4954 0.3324
vn 0.8391 0.4954 0.2248
vn 0.4907 0.8614 0.1315
vn 0.0104 0.9999 0.0028
vn -0.4751 0.8707 -0.1273
vn -0.8339 0.5047 -0.2234
vn -0.8339 -0.5047 -0.2234
vn -0.4751 -0.8707 -0.1273
vn 0.0104 -0.9999 0.0028
vn 0.4907 -0.8614 0.1315
vn 0.8391 -0.4954 0.2248
vn 0.8612 0.4954 0.1134
vn 0.5037 0.8614 0.0663
vn 0.0107 0.9999 0.0014
vn -0.4876 0.8707 -0.0642
vn -0.8559 0.5047 -0.1127
vn -0.8559 -0.5047 -0.1127
vn -0.4876 -0.8707 -0.0642
vn 0.0107 -0.9999 0.0014
vn 0.5037 -0.8614 0.0663
vn 0.8612 -0.4954 0.1134
vn -0.7375 -0.0000 0.6754
vn -0.6101 0.6634 0.4333
vn -0.6101 -0.6634 0.4333
vn -0.8216 -0.0000 0.5700
vn -0.2960 0.9143 0.2766
vn -0.2960 -0.9143 0.2766
vn -0.0000 1.0000 -0.0000
vn -0.0000 -1.0000 -0.0000
vn 0.8216 -0.0000 0.5701
vn 0.2960 0.9143 0.2766
vn 0.2960 -0.9143 0.2766
vn 0.1241 -0.0000 0.9923
vn 0.0319 0.8067 0.5901
vn 0.0319 -0.8067 0.5901
vn -0.0000 0.7221 -0.6918
vn -0.0130 -0.9999 -0.0104
vn 0.3230 0.8968 -0.3025
vn -0.6822 0.7312 -0.0000
vn -0.6822 -0.7312 -0.0000
vn 0.9029 0.0001 0.4299
vn -0.0130 0.9999 -0.0104
vn -0.3230 0.8968 -0.3025
vn 0.7071 0.7071 -0.0000
vn 0.6384 -0.0000 -0.7697
vn -0.7071 0.7071 -0.0000
vn 0.3614 -0.8864 -0.2892
vn 0.3614 0.8864 -0.2892
vn 0.7538 -0.0000 0.6570
vn 0.2374 -0.9352 0.2628
vn 0.2374 0.9352 0.2628
vn 0.7538 -0.0000 0.6571
vn -0.0000 -0.0002 1.0000
vn -0.6851 -0.0000 0.7285
vn -0.5949 0.6507 0.4719
vn -0.5949 -0.6507 0.4719
vn -0.0000 0.7812 0.6242
vn -0.0000 -0.7812 0.6242
vn 0.6850 -0.0000 0.7285
vn 0.5949 0.6507 0.4719
vn 0.5949 -0.6507 0.4719
vn 0.5455 -0.5193 -0.6578
vn 0.5678 -0.6578 0.4949
vn 0.5455 0.5193 -0.6578
vn 0.5678 0.6578 0.4949
vn 0.6703 -0.0000 0.7421
vn 0.7808 -0.0000 -0.6248
vn 0.5456 -0.5193 -0.6578
vn 0.5456 0.5193 -0.6578
vn 0.5289 -0.5431 -0.6522
vn 0.5463 -0.6767 0.4936
vn 0.5988 0.4649 0.6522
vn 0.6345 0.5948 -0.4936
vn 0.5289 0.5431 -0.6522
vn 0.5463 0.6767 0.4936
vn 0.5988 -0.4648 0.6522
vn 0.6345 -0.5948 -0.4936
vn 0.7807 -0.0000 -0.6249
vn 0.5455 0.5192 -0.6579
vn 0.5455 -0.5193 -0.6579
vn -0.0000 0.7221 0.6918
vn 0.5598 0.5740 0.5977
vn -0.5598 0.5740 0.5976
vn -0.0000 0.6927 -0.7212
vn -0.5941 0.5809 -0.5564
vn 0.5941 0.5809 -0.5564
vt 1.693564 0.497443
vt 1.530407 0.622442
vt 1.530407 0.497443
vt 1.696082 1.530407
vt 1.594951 1.677248
vt 1.604576 1.530407
vt 1.479576 1.530407
vt 1.471020 1.660933
vt 1.354576 1.530407
vt 1.347090 1.644617
vt 1.263069 1.530407
vt 1.628301 0.497443
vt 1.530407 0.372443
vt 1.256366 1.632673
vt 1.689193 0.372443
vt 1.853930 0.497443
vt 1.689193 0.622442
vt 1.654631 1.845262
vt 1.685675 1.689193
vt 1.566242 1.821578
vt 1.445501 1.789226
vt 1.236372 1.733190
vt 1.733190 0.622442
vt 1.632673 0.622442
vt 1.724521 0.497443
vt 1.632673 0.372443
vt 1.845262 0.372443
vt 1.995943 0.622442
vt 1.845262 0.622442
vt 1.603481 1.995943
vt 1.518940 1.960925
vt 1.287970 1.865255
vt 1.324761 1.756873
vt 1.203429 1.830237
vt 1.817419 0.497443
vt 1.733190 0.372443
vt 1.403455 1.913090
vt 1.995943 0.372443
vt 2.008761 0.497443
vt 2.138660 0.622442
vt 1.453854 2.092907
vt 1.345601 2.030407
vt 1.158101 1.922153
vt 1.922153 0.622442
vt 1.830237 0.622442
vt 1.905407 0.497443
vt 1.830237 0.372443
vt 2.138660 0.372443
vt 2.291358 0.497443
vt 2.155407 0.497443
vt 1.533101 2.138660
vt 1.372098 2.215263
vt 1.272929 2.139168
vt 1.237348 1.967907
vt 1.101163 2.007367
vt 2.007367 0.622442
vt 1.986978 0.497443
vt 1.922153 0.372443
vt 1.173760 2.063073
vt 2.414290 0.497443
vt 2.270969 0.622442
vt 1.339775 2.390606
vt 1.444695 2.270969
vt 1.275071 2.325902
vt 1.186682 2.237514
vt 1.098294 2.149125
vt 2.084420 0.622442
vt 2.084420 0.372443
vt 2.007367 0.372443
vt 1.033589 2.084420
vt 2.390606 0.372443
vt 2.270969 0.372443
vt 1.240528 0.497443
vt 1.339775 0.622442
vt 1.363459 0.497443
vt 1.164432 2.422929
vt 1.088337 2.323760
vt 0.956536 2.151994
vt 0.956536 0.622442
vt 1.009906 0.497443
vt 1.033589 0.622442
vt 0.936147 0.497443
vt 1.033589 0.372443
vt 1.220138 0.372443
vt 1.339775 0.372443
vt 1.104576 0.497443
vt 1.220138 0.622442
vt 1.220138 2.495526
vt 1.042076 2.504685
vt 0.979576 2.396432
vt 1.012242 2.224591
vt 0.871322 2.208932
vt 0.871322 0.622442
vt 0.854576 0.497443
vt 0.956536 0.372443
vt 0.917076 2.288179
vt 1.087829 0.372443
vt 0.945113 0.622442
vt 1.087829 0.622442
vt 0.945113 2.654312
vt 1.087829 2.583932
vt 0.910095 2.569771
vt 0.862259 2.454286
vt 0.814424 2.338801
vt 0.779406 0.622442
vt 0.766588 0.497443
vt 0.871322 0.372443
vt 0.779406 2.254260
vt 0.945113 0.372443
vt 0.803100 0.497443
vt 0.957930 0.497443
vt 0.794431 2.705462
vt 0.770747 2.617073
vt 0.738395 2.496332
vt 0.682359 2.287203
vt 0.682359 0.622442
vt 0.673690 0.497443
vt 0.779406 0.372443
vt 0.706042 2.375592
vt 0.794431 0.372443
vt 0.642733 0.497443
vt 0.794431 0.622442
vt 0.638361 2.736506
vt 0.610102 2.521852
vt 0.593786 2.397921
vt 0.581842 0.622442
vt 0.581842 0.372443
vt 0.682359 0.372443
vt 0.581842 2.307197
vt 0.626417 2.645782
vt 0.638361 0.372443
vt 0.479576 0.497443
vt 0.638361 0.622442
vt 0.479576 2.746913
vt 0.479576 2.655406
vt 0.479576 2.405406
vt 0.479576 2.313900
vt 0.479576 0.622442
vt 0.577470 0.497443
vt 0.479576 0.497443
vt 0.479576 2.530406
vt 0.316418 0.497443
vt 0.479576 0.622442
vt 0.320790 2.736506
vt 0.332734 2.645782
vt 0.349049 2.521852
vt 0.365365 2.397921
vt 0.377309 0.622442
vt 0.377309 0.372443
vt 0.479576 0.372443
vt 0.377309 2.307197
vt 0.479576 0.372443
vt 0.156052 0.497443
vt 0.320790 0.622442
vt 0.188404 2.617073
vt 0.220757 2.496332
vt 0.253109 2.375592
vt 0.276793 0.622442
vt 0.381681 0.497443
vt 0.285461 0.497443
vt 0.276793 2.287203
vt 0.164721 0.372443
vt 0.320790 0.372443
vt 0.001221 0.497443
vt 0.164721 0.622442
vt 0.014039 2.654312
vt 0.164721 2.705462
vt 0.049057 2.569771
vt 0.144728 2.338801
vt 0.179746 0.622442
vt 0.192563 0.497443
vt 0.276793 0.372443
vt 0.179746 2.254260
vt 0.096892 2.454286
vt 0.014039 0.372443
vt -0.145424 0.497443
vt 0.014039 0.622442
vt -0.082924 2.504685
vt -0.020424 2.396432
vt 0.042076 2.288179
vt 0.087829 0.622442
vt 0.104576 0.497443
vt 0.179746 0.372443
vt 0.087829 2.208932
vt -0.128677 0.372443
vt -0.281376 0.497443
vt -0.128677 0.622442
vt -0.260987 2.495526
vt -0.128677 2.583932
vt -0.205281 2.422929
vt -0.129186 2.323760
vt -0.053091 2.224591
vt 0.023005 0.497443
vt 0.087829 0.372443
vt -0.260987 0.372443
vt -0.404308 0.497443
vt -0.260987 0.622442
vt -0.380624 2.390606
vt -0.227531 2.237513
vt -0.139143 2.149125
vt 0.002615 2.151994
vt -0.074438 0.622442
vt 0.002615 0.622442
vt -0.050755 0.497443
vt 0.002615 0.372443
vt -0.315920 2.325902
vt -0.380624 0.372443
vt 2.291358 0.497443
vt 2.390606 0.622442
vt 2.414290 0.497443
vt -0.485544 2.270969
vt -0.412947 2.215263
vt -0.214609 2.063073
vt -0.074438 2.084420
vt 2.007367 0.622442
vt 2.060737 0.497443
vt 1.986978 0.497443
vt -0.313778 2.139168
vt -0.573950 2.138660
vt -0.386450 2.030407
vt -0.278196 1.967907
vt -0.142012 2.007367
vt 1.922154 0.622442
vt 2.007367 0.372443
vt -0.198950 1.922154
vt -0.494703 2.092907
vt 2.155407 0.497443
vt -0.644330 1.995944
vt -0.559789 1.960926
vt -0.328819 1.865255
vt 1.830237 0.622442
vt 1.830237 0.372443
vt 1.922154 0.372443
vt -0.244278 1.830237
vt -0.444304 1.913090
vt 1.995944 0.372443
vt 1.845261 0.622442
vt 1.995944 0.622442
vt -0.695479 1.845261
vt -0.607091 1.821578
vt -0.365610 1.756873
vt 1.817419 0.497443
vt -0.277221 1.733190
vt 1.845261 0.372443
vt 1.693565 0.497443
vt 1.853930 0.497443
vt -0.726523 1.689193
vt -0.635800 1.677249
vt -0.486350 1.789226
vt -0.511869 1.660933
vt -0.387939 1.644617
vt 1.632673 0.622442
vt 1.628301 0.497443
vt 1.530407 0.622442
vt 1.689193 0.622442
vt -0.736931 1.530407
vt -0.645424 1.530407
vt -0.520424 1.530407
vt -0.395424 1.530407
vt -0.297215 1.632673
vt 1.530407 0.497443
vt 1.632673 0.372443
vt 1.530407 0.372443
vt 1.689193 0.372443
vt 1.367249 0.497443
vt -0.726523 1.371620
vt -0.635800 1.383564
vt -0.511869 1.399880
vt -0.387939 1.416196
vt -0.303918 1.530407
vt 1.428140 0.622442
vt 1.428140 0.372443
vt -0.297215 1.428140
vt 1.215552 0.622442
vt 1.371620 0.622442
vt -0.607091 1.239235
vt -0.486350 1.271588
vt -0.365610 1.303940
vt -0.277221 1.327624
vt 1.327624 0.622442
vt 1.432512 0.497443
vt 1.336292 0.497443
vt 1.371620 0.372443
vt 1.206883 0.497443
vt 1.052053 0.497443
vt -0.644330 1.064870
vt -0.695479 1.215552
vt -0.444304 1.147724
vt -0.328819 1.195559
vt 1.230577 0.622442
vt 1.243394 0.497443
vt 1.327624 0.372443
vt 1.215552 0.372443
vt 0.905407 0.497443
vt 1.064870 0.622442
vt -0.573950 0.922154
vt -0.559789 1.099888
vt -0.494703 0.967907
vt -0.386450 1.030407
vt -0.278197 1.092907
vt -0.244278 1.230577
vt 1.155407 0.497443
vt 1.230577 0.372443
vt -0.198950 1.138660
vt 0.922154 0.372443
vt 1.064870 0.372443
vt 0.769455 0.497443
vt 0.922154 0.622442
vt -0.485544 0.789844
vt -0.412947 0.845550
vt -0.214609 0.997740
vt 1.053446 0.622442
vt 1.138660 0.622442
vt 1.073835 0.497443
vt 1.138660 0.372443
vt -0.313778 0.921645
vt 0.789844 0.372443
vt 0.646523 0.497443
vt 0.789844 0.622442
vt -0.315920 0.734912
vt -0.227531 0.823300
vt -0.139143 0.911688
vt -0.142012 1.053446
vt 0.976393 0.622442
vt 1.000077 0.497443
vt 1.053446 0.372443
vt -0.074438 0.976393
vt 0.670207 0.372443
vt -0.260987 0.622442
vt -0.380624 0.622442
vt -0.380624 0.670207
vt -0.205281 0.637884
vt -0.053091 0.836223
vt 0.002615 0.622442
vt 0.023004 0.497443
vt -0.074438 0.372443
vt 0.002615 0.908820
vt -0.129186 0.737054
vt -0.260987 0.372443
vt -0.281377 0.497443
vt -0.128677 0.476881
vt -0.260987 0.565288
vt -0.082924 0.556128
vt -0.020424 0.664381
vt 0.087829 0.851881
vt 0.002615 0.372443
vt 0.042076 0.772634
vt 0.014039 0.406501
vt 0.049057 0.491042
vt 0.096892 0.606527
vt 0.144728 0.722012
vt 0.179746 0.806553
vt 0.156051 0.497443
vt 0.164720 0.355352
vt 0.188404 0.443740
vt 0.220756 0.564481
vt 0.276792 0.773610
vt 0.276792 0.622442
vt 0.285461 0.497443
vt 0.253109 0.685222
vt 0.164720 0.372443
vt -3.707569 0.497443
vt -4.049945 0.372443
vt -4.082298 0.497443
vt 0.332733 0.415031
vt 0.349049 0.538962
vt 0.377309 0.753616
vt 0.377309 0.622442
vt 0.381681 0.497443
vt 0.276792 0.372443
vt 0.479575 -3.716668
vt 0.320788 -4.080989
vt 0.479575 -4.091397
vt 0.638360 -3.706261
vt 0.794429 -4.049945
vt 0.638360 -4.080989
vt 0.479576 0.313900
vt 0.320789 0.324308
vt 0.479576 0.530407
vt 0.479576 0.655407
vt 0.365365 0.662892
vt 0.377309 0.372443
vt 0.479576 0.746913
vt 0.479576 0.405407
vt 0.320788 -3.706261
vt 0.164719 -4.049945
vt 0.638361 0.324308
vt 0.626417 0.415031
vt 0.610102 0.538962
vt 0.593786 0.662892
vt 0.164719 -3.675217
vt 0.794430 0.355352
vt 0.770747 0.443740
vt 0.738394 0.564481
vt 0.706042 0.685221
vt 0.581842 0.753616
vt 0.673690 0.497443
vt 0.682358 0.773610
vt 0.803098 0.497443
vt 0.869160 0.627625
vt 0.794429 0.622442
vt 0.794430 0.622442
vt 0.803099 0.497443
vt 0.945113 0.406501
vt 0.910095 0.491042
vt 0.862259 0.606527
vt 0.814424 0.722012
vt 0.682358 0.622442
vt 0.682358 0.372443
vt 0.779406 0.806553
vt 0.794430 0.372443
vt 1.087829 0.476881
vt 0.979576 0.664381
vt 0.917076 0.772634
vt 0.871322 0.851881
vt 1.042076 0.556128
vt 1.220137 0.622442
vt 1.220137 0.565287
vt 1.164432 0.637884
vt 1.088337 0.737053
vt 1.012242 0.836222
vt 0.956536 0.622442
vt 0.936146 0.497443
vt 0.956536 0.908819
vt 1.220137 0.372443
vt 1.240527 0.497443
vt 1.339775 0.622442
vt 1.339775 0.670206
vt 1.186682 0.823299
vt 1.098294 0.911688
vt 1.033589 0.976393
vt 1.033589 0.622442
vt 1.009905 0.497443
vt 0.956536 0.372443
vt 1.339775 0.372443
vt 0.646523 0.497443
vt 0.789845 0.622442
vt 0.670206 0.622442
vt 1.444695 0.789845
vt 1.275070 0.734911
vt 1.272929 0.921645
vt 1.173760 0.997740
vt 1.053446 0.622442
vt 1.000076 0.497443
vt 0.976393 0.622442
vt 1.073836 0.497443
vt 0.976393 0.372443
vt 1.372098 0.845550
vt 0.789845 0.372443
vt 0.670206 0.372443
vt 0.905406 0.497443
vt 0.769455 0.497443
vt 1.533101 0.922153
vt 1.453854 0.967906
vt 1.345601 1.030406
vt 1.237348 1.092906
vt 1.101163 1.053446
vt 1.138660 0.622442
vt 1.155406 0.497443
vt 1.053446 0.372443
vt 0.922153 0.372443
vt 1.052052 0.497443
vt 0.922153 0.622442
vt 1.603481 1.064869
vt 1.403455 1.147723
vt 1.287970 1.195558
vt 1.158101 1.138660
vt 1.230576 0.622442
vt 1.243394 0.497443
vt 1.138660 0.372443
vt 1.203429 1.230576
vt 1.518940 1.099887
vt 1.064869 0.372443
vt 1.206883 0.497443
vt 1.064869 0.622442
vt 1.654631 1.215552
vt 1.566242 1.239235
vt 1.445502 1.271588
vt 1.324761 1.303940
vt 1.327624 0.622442
vt 1.336293 0.497443
vt 1.230576 0.372443
vt 1.215552 0.372443
vt 1.371621 0.622442
vt 1.215552 0.622442
vt 1.594951 1.383565
vt 1.471020 1.399880
vt 1.347090 1.416196
vt 1.236372 1.327624
vt 1.432512 0.497443
vt 1.327624 0.372443
vt 1.256366 1.428140
vt 1.371621 0.372443
vt 1.367249 0.497443
vt 1.685675 1.371621
vt 1.428140 0.622442
vt 1.428140 0.372443
vt 0.156050 0.497443
vt 0.320788 0.622442
vt 0.164719 0.622442
vt 0.320788 0.372443
vt 0.164719 0.372443
vt -4.114196 0.497443
vt -4.247069 0.372443
vt -4.080989 0.372443
vt 0.320788 -4.247069
vt 0.479575 -4.257476
vt -4.247069 0.622442
vt -4.280276 0.497443
vt 0.638360 -4.247069
vt 0.642732 0.497443
vt 0.638360 0.622442
vt 0.794429 0.372443
vt 0.638360 0.372443
vt 0.794429 -3.675217
vt 0.856188 -4.049945
vt -4.049945 0.622442
vt -3.675217 0.622442
vt -3.343331 0.497443
vt -3.310979 0.622442
vt 0.803098 0.497443
vt 0.824780 0.372443
vt 0.833448 0.497443
vt 0.638360 -3.342023
vt 0.794429 -3.310979
vt -0.552048 0.622442
vt 0.324308 0.591267
vt 0.324308 0.622442
vt 0.803098 0.497443
vt 0.824780 0.372443
vt 0.794429 0.372443
vt 0.320788 -3.342023
vt 0.164719 -3.310979
vt 0.479575 -3.352430
vt -2.924289 0.622442
vt -3.342023 0.591267
vt -3.342023 0.622442
vt -3.675217 0.372443
vt -2.925598 0.497443
vt -3.310979 0.372443
vt -1.698100 0.622442
vt -2.008029 0.591267
vt -2.008029 0.622442
vt 0.638361 -2.924289
vt 0.479575 -2.934697
vt 0.320788 -2.924289
vt 0.164719 -2.893245
vt -2.706220 0.622442
vt -2.390747 0.591267
vt -2.390747 0.622442
vt 0.794429 -2.893245
vt -2.893245 0.372443
vt -2.893245 0.622442
vt -2.707529 0.497443
vt -2.675176 0.622442
vt 0.803098 0.497443
vt 0.845302 0.372443
vt 0.853971 0.497443
vt 0.638361 -2.706220
vt 0.794429 -2.675176
vt -1.260533 0.622442
vt -0.884585 0.591267
vt -0.884585 0.622442
vt 0.803098 0.497443
vt 0.845302 0.372443
vt 0.794429 0.372443
vt 0.320788 -2.706220
vt 0.164719 -2.675176
vt 0.479575 -2.716628
vt 0.638360 0.622442
vt 0.479575 0.591267
vt 0.479575 0.622442
vt -2.392056 0.497443
vt -2.675176 0.372443
vt 0.320788 0.591267
vt 0.320788 0.622442
vt 0.638361 -2.390747
vt 0.479575 -2.401155
vt 0.320788 -2.390747
vt 0.164719 -2.359703
vt -3.706261 0.591267
vt -3.706261 0.622442
vt 0.794429 -2.359703
vt -2.359703 0.372443
vt -2.359703 0.622442
vt -2.009337 0.497443
vt -1.976985 0.622442
vt 0.794429 -1.976985
vt 0.846048 -2.359703
vt 0.638361 -2.008029
vt 0.803098 0.497443
vt 0.846048 0.622442
vt 0.854717 0.497443
vt 0.320788 -2.008029
vt 0.164720 -1.976985
vt 0.479575 -2.018436
vt -2.706220 0.591267
vt -1.699409 0.497443
vt -1.976985 0.372443
vt 0.324308 0.622442
vt -0.552048 0.591267
vt 0.638361 -1.698100
vt 0.479575 -1.708508
vt 0.320788 -1.698100
vt 0.164720 -1.667056
vt 0.794430 -1.667056
vt -1.667056 0.372443
vt -1.667056 0.622442
vt -1.261841 0.497443
vt -1.229489 0.622442
vt 0.803098 0.497443
vt 0.825582 0.372443
vt 0.794430 0.372443
vt 0.638361 -1.260533
vt 0.794430 -1.229489
vt -1.260533 0.591267
vt 0.825581 -1.667056
vt 0.320789 -1.260533
vt 0.164720 -1.229489
vt 0.479575 -1.270940
vt 0.638361 0.591267
vt -0.885893 0.497443
vt -1.229489 0.372443
vt 0.638361 -0.884585
vt 0.479575 -0.894992
vt 0.320789 -0.884585
vt 0.164720 -0.853541
vt -2.924289 0.591267
vt 0.794430 -0.853541
vt -0.853541 0.372443
vt -0.853541 0.622442
vt -0.553357 0.497443
vt -0.521004 0.622442
vt 0.803099 0.497443
vt 0.820816 0.372443
vt 0.829485 0.497443
vt 0.638361 -0.552048
vt 0.794430 -0.521004
vt 0.803099 0.497443
vt 0.820816 0.372443
vt 0.794430 0.372443
vt 0.320789 -0.552048
vt 0.164720 -0.521004
vt 0.479575 -0.562456
vt -1.698100 0.591267
vt 0.322999 0.497443
vt -0.521004 0.372443
vt 0.320789 0.622442
vt 0.479576 0.591267
vt 0.926284 0.355352
vt 0.926284 0.372443
vt 0.934952 0.497443
vt 0.355352 0.622442
vt 0.479575 0.497443
vt 0.320788 0.622442
vt 0.316416 0.497443
vt 0.320788 0.372443
vt 0.642732 0.497443
vt 0.479575 0.622442
vt 0.479575 0.372443
vt -4.080989 0.622442
vt 0.824780 -3.310979
vt 0.824780 0.622442
vt 0.794429 0.622442
vt 0.824780 -3.675217
vt 0.824780 0.622442
vt 0.833449 0.497443
vt 0.845302 -2.675176
vt 0.845302 0.622442
vt 0.794429 0.622442
vt 0.845302 0.622442
vt 0.853971 0.497443
vt 0.845302 -2.893245
vt 0.846048 0.372443
vt 0.794429 0.372443
vt 0.803098 0.497443
vt 0.846048 0.372443
vt 0.854717 0.497443
vt 0.846048 -1.976985
vt 0.846048 0.622442
vt 0.794429 0.622442
vt 0.803098 0.497443
vt 0.825581 0.372443
vt 0.834250 0.497443
vt 0.825582 -1.229489
vt 0.825581 0.622442
vt 0.794430 0.622442
vt 0.825582 0.622442
vt 0.834250 0.497443
vt 0.820816 -0.521004
vt 0.820816 0.622442
vt 0.794430 0.622442
vt 0.820816 0.622442
vt 0.829485 0.497443
vt 0.820816 -0.853541
vt -3.707569 0.493159
vt -4.049945 0.368159
vt -3.675217 0.368159
vt 0.856188 0.368159
vt 0.864857 0.493159
vt 0.803098 -4.082298
vt 0.864857 -3.707569
vt 0.803098 -3.707569
vt 0.856188 0.368159
vt 0.794429 0.372443
vt -3.707569 0.502625
vt -4.049945 0.627625
vt -4.082298 0.502625
vt 0.869160 0.627625
vt 0.877829 0.502625
vt 0.869160 -3.675217
vt 0.877829 -4.082298
vt 0.322999 0.497443
vt 0.355352 0.372443
vt 0.926284 0.622442
vt 0.794430 0.622442
vt 0.926284 -0.521004
vt 0.926284 0.622442
vt 0.934953 0.497443
vt 0.926284 0.372443
vt 0.670207 0.622442
vt 0.976393 0.372443
vt 0.164720 0.622442
vt 0.877829 0.502625
vt 1.363459 0.497443
vt 1.033589 0.372443
vt 0.316416 0.497443
vt 0.856188 -3.675217
vt 0.794429 0.372443
vt 0.638360 0.591267
vt 0.794429 0.622442
vt 0.324308 0.591267
vt 0.794430 0.372443
vt 0.355352 0.372443
vt 0.320789 0.591267
vt 0.638360 0.372443
vt 0.794429 0.622442
vt 0.794429 0.622442
vt 0.794429 0.372443
vt 0.794430 0.372443
vt 0.794430 0.622442
vt -4.082298 0.493159
vt 0.864857 -4.082298
vt 0.864857 0.493159
vt -3.675217 0.627625
vt 0.869160 -4.049945
vt 0.877829 -3.707569
vt 0.355352 0.622442
s 1
usemtl Gold_metal_(Imperfections).001
f 13/1/13 2/2/2 1/3/1
f 2/4/2 15/5/15 3/6/3
f 15/5/15 4/7/4 3/6/3
f 16/8/16 5/9/5 4/7/4
f 17/10/17 6/11/6 5/9/5
f 6/2/6 19/12/19 7/3/7
f 19/12/19 8/13/8 7/3/7
f 20/14/20 9/9/9 8/11/8
f 21/10/21 10/7/10 9/9/9
f 22/8/22 11/6/11 10/7/10
f 23/5/23 12/4/12 11/6/11
f 24/15/24 1/3/1 12/13/12
f 25/16/25 14/17/14 13/1/13
f 26/18/26 15/5/15 14/19/14
f 27/20/27 16/8/16 15/5/15
f 28/21/28 17/10/17 16/8/16
f 17/10/17 30/22/30 18/14/18
f 30/23/30 19/12/19 18/24/18
f 31/25/31 20/26/20 19/12/19
f 32/22/32 21/10/21 20/14/20
f 21/10/21 34/21/34 22/8/22
f 22/8/22 35/20/35 23/5/23
f 23/5/23 36/18/36 24/19/24
f 36/27/36 13/1/13 24/15/24
f 25/16/25 38/28/38 26/29/26
f 38/30/38 27/20/27 26/18/26
f 39/31/39 28/21/28 27/20/27
f 28/21/28 41/32/41 29/33/29
f 29/33/29 42/34/42 30/22/30
f 30/23/30 43/35/43 31/25/31
f 43/35/43 32/36/32 31/25/31
f 44/34/44 33/33/33 32/22/32
f 33/33/33 46/37/46 34/21/34
f 34/21/34 47/31/47 35/20/35
f 35/20/35 48/30/48 36/18/36
f 48/38/48 25/16/25 36/27/36
f 37/39/37 50/40/50 38/28/38
f 38/30/38 51/41/51 39/31/39
f 39/31/39 52/42/52 40/37/40
f 52/42/52 41/32/41 40/37/40
f 41/32/41 54/43/54 42/34/42
f 54/44/54 43/35/43 42/45/42
f 55/46/55 44/47/44 43/35/43
f 56/43/56 45/32/45 44/34/44
f 45/32/45 58/42/58 46/37/46
f 58/42/58 47/31/47 46/37/46
f 59/41/59 48/30/48 47/31/47
f 60/48/60 37/39/37 48/38/48
f 61/49/61 50/40/50 49/50/49
f 50/51/50 63/52/63 51/41/51
f 63/52/63 52/42/52 51/41/51
f 64/53/64 53/54/53 52/42/52
f 53/54/53 66/55/66 54/43/54
f 66/56/66 55/46/55 54/44/54
f 67/57/67 56/58/56 55/46/55
f 68/55/68 57/54/57 56/43/56
f 69/59/69 58/42/58 57/54/57
f 70/53/70 59/41/59 58/42/58
f 71/52/71 60/51/60 59/41/59
f 60/48/60 61/49/61 49/50/49
f 73/60/73 62/61/62 61/49/61
f 74/62/74 63/52/63 62/63/62
f 75/64/75 64/53/64 63/52/63
f 76/65/76 65/59/65 64/53/64
f 77/66/77 66/55/66 65/59/65
f 78/67/78 67/57/67 66/56/66
f 67/57/67 80/68/80 68/69/68
f 80/70/80 69/59/69 68/55/68
f 81/66/81 70/53/70 69/59/69
f 82/65/82 71/52/71 70/53/70
f 71/52/71 84/62/84 72/63/72
f 84/71/84 61/49/61 72/72/72
f 85/73/85 74/74/74 73/75/73
f 74/62/74 87/76/87 75/64/75
f 87/76/87 76/65/76 75/64/75
f 88/77/88 77/66/77 76/65/76
f 77/66/77 90/78/90 78/70/78
f 90/79/90 79/80/79 78/81/78
f 91/82/91 80/83/80 79/80/79
f 92/78/92 81/66/81 80/70/80
f 81/66/81 94/77/94 82/65/82
f 82/65/82 95/76/95 83/64/83
f 95/76/95 84/62/84 83/64/83
f 96/84/96 73/75/73 84/85/84
f 97/86/97 86/87/86 85/73/85
f 86/88/86 99/89/99 87/76/87
f 87/76/87 100/90/100 88/77/88
f 100/90/100 89/91/89 88/77/88
f 89/91/89 102/92/102 90/78/90
f 102/93/102 91/82/91 90/79/90
f 103/94/103 92/95/92 91/82/91
f 104/92/104 93/91/93 92/78/92
f 105/96/105 94/77/94 93/91/93
f 106/90/106 95/76/95 94/77/94
f 107/89/107 96/88/96 95/76/95
f 108/97/108 85/73/85 96/84/96
f 97/86/97 110/98/110 98/99/98
f 110/100/110 99/89/99 98/101/98
f 111/102/111 100/90/100 99/89/99
f 112/103/112 101/96/101 100/90/100
f 113/104/113 102/92/102 101/96/101
f 114/105/114 103/94/103 102/93/102
f 115/106/115 104/107/104 103/94/103
f 116/108/116 105/96/105 104/92/104
f 105/96/105 118/103/118 106/90/106
f 106/90/106 119/102/119 107/89/107
f 119/102/119 108/101/108 107/89/107
f 120/109/120 97/86/97 108/97/108
f 121/110/121 110/98/110 109/111/109
f 122/112/122 111/102/111 110/100/110
f 123/113/123 112/103/112 111/102/111
f 124/114/124 113/104/113 112/103/112
f 113/104/113 126/115/126 114/108/114
f 126/116/126 115/106/115 114/105/114
f 127/117/127 116/118/116 115/106/115
f 128/115/128 117/104/117 116/108/116
f 129/119/129 118/103/118 117/104/117
f 130/114/130 119/102/119 118/103/118
f 131/113/131 120/100/120 119/102/119
f 132/120/132 109/111/109 120/109/120
f 133/121/133 122/122/122 121/110/121
f 134/123/134 123/113/123 122/112/122
f 123/113/123 136/124/136 124/114/124
f 136/124/136 125/119/125 124/114/124
f 137/125/137 126/115/126 125/119/125
f 138/126/138 127/117/127 126/116/126
f 127/117/127 140/127/140 128/128/128
f 140/129/140 129/119/129 128/115/128
f 129/119/129 142/124/142 130/114/130
f 142/124/142 131/113/131 130/114/130
f 143/130/143 132/112/132 131/113/131
f 144/131/144 121/110/121 132/120/132
f 145/132/145 134/133/134 133/121/133
f 146/134/146 135/130/135 134/123/134
f 147/135/147 136/124/136 135/130/135
f 136/124/136 149/136/149 137/125/137
f 137/125/137 150/137/150 138/129/138
f 150/138/150 139/139/139 138/126/138
f 151/140/151 140/127/140 139/139/139
f 152/137/152 141/125/141 140/129/140
f 153/136/153 142/124/142 141/125/141
f 154/141/154 143/130/143 142/124/142
f 155/135/155 144/123/144 143/130/143
f 144/131/144 145/132/145 133/121/133
f 157/142/157 146/143/146 145/132/145
f 158/144/158 147/135/147 146/134/146
f 159/145/159 148/141/148 147/135/147
f 160/146/160 149/136/149 148/141/148
f 161/147/161 150/137/150 149/136/149
f 162/148/162 151/140/151 150/138/150
f 151/140/151 164/149/164 152/150/152
f 164/151/164 153/136/153 152/137/152
f 153/136/153 166/146/166 154/141/154
f 154/141/154 167/145/167 155/135/155
f 155/135/155 168/144/168 156/134/156
f 156/152/156 157/142/157 145/132/145
f 169/153/169 158/154/158 157/142/157
f 158/144/158 171/155/171 159/145/159
f 159/145/159 172/156/172 160/146/160
f 172/156/172 161/147/161 160/146/160
f 173/157/173 162/151/162 161/147/161
f 174/158/174 163/159/163 162/148/162
f 175/160/175 164/149/164 163/159/163
f 176/161/176 165/147/165 164/151/164
f 177/157/177 166/146/166 165/147/165
f 178/156/178 167/145/167 166/146/166
f 179/155/179 168/144/168 167/145/167
f 180/162/180 157/142/157 168/163/168
f 181/164/181 170/165/170 169/153/169
f 182/166/182 171/155/171 170/167/170
f 183/168/183 172/156/172 171/155/171
f 172/156/172 185/169/185 173/157/173
f 185/169/185 174/161/174 173/157/173
f 186/170/186 175/160/175 174/158/174
f 187/171/187 176/172/176 175/160/175
f 188/173/188 177/157/177 176/161/176
f 177/157/177 190/174/190 178/156/178
f 190/174/190 179/155/179 178/156/178
f 179/155/179 192/166/192 180/167/180
f 192/175/192 169/153/169 180/162/180
f 193/176/193 182/177/182 181/164/181
f 182/166/182 195/178/195 183/168/183
f 195/178/195 184/174/184 183/168/183
f 196/179/196 185/169/185 184/174/184
f 197/180/197 186/173/186 185/169/185
f 198/181/198 187/171/187 186/170/186
f 199/182/199 188/183/188 187/171/187
f 200/184/200 189/169/189 188/173/188
f 201/180/201 190/174/190 189/169/189
f 202/179/202 191/168/191 190/174/190
f 203/178/203 192/166/192 191/168/191
f 204/185/204 181/164/181 192/175/192
f 205/186/205 194/187/194 193/176/193
f 206/188/206 195/178/195 194/189/194
f 207/190/207 196/179/196 195/178/195
f 208/191/208 197/180/197 196/179/196
f 209/192/209 198/184/198 197/180/197
f 198/181/198 211/193/211 199/182/199
f 211/193/211 200/194/200 199/182/199
f 200/184/200 213/192/213 201/180/201
f 201/180/201 214/191/214 202/179/202
f 202/179/202 215/190/215 203/178/203
f 203/178/203 216/188/216 204/189/204
f 216/195/216 193/176/193 204/185/204
f 217/196/217 206/197/206 205/186/205
f 218/198/218 207/190/207 206/188/206
f 207/190/207 220/199/220 208/191/208
f 220/199/220 209/192/209 208/191/208
f 221/200/221 210/201/210 209/192/209
f 222/202/222 211/193/211 210/203/210
f 223/204/223 212/205/212 211/193/211
f 212/201/212 225/200/225 213/192/213
f 225/200/225 214/191/214 213/192/213
f 226/199/226 215/190/215 214/191/214
f 227/206/227 216/188/216 215/190/215
f 228/207/228 205/186/205 216/195/216
f 229/208/229 218/209/218 217/210/217
f 230/211/230 219/206/219 218/198/218
f 231/212/231 220/199/220 219/206/219
f 220/199/220 233/213/233 221/200/221
f 233/213/233 222/214/222 221/200/221
f 234/215/234 223/216/223 222/67/222
f 235/217/235 224/68/224 223/216/223
f 224/214/224 237/213/237 225/200/225
f 237/213/237 226/199/226 225/200/225
f 238/218/238 227/206/227 226/199/226
f 227/206/227 240/211/240 228/198/228
f 240/72/240 217/210/217 228/71/228
f 229/208/229 242/40/242 230/61/230
f 242/219/242 231/212/231 230/211/230
f 231/212/231 244/220/244 232/218/232
f 244/220/244 233/213/233 232/218/232
f 245/221/245 234/222/234 233/213/233
f 246/223/246 235/217/235 234/215/234
f 247/46/247 236/224/236 235/217/235
f 248/225/248 237/213/237 236/222/236
f 237/213/237 250/220/250 238/218/238
f 250/220/250 239/212/239 238/218/238
f 251/226/251 240/211/240 239/212/239
f 252/48/252 229/208/229 240/72/240
f 253/39/253 242/40/242 241/227/241
f 254/228/254 243/226/243 242/219/242
f 255/229/255 244/220/244 243/226/243
f 244/220/244 257/230/257 245/221/245
f 257/230/257 246/225/246 245/221/245
f 258/231/258 247/46/247 246/223/246
f 247/46/247 260/232/260 248/233/248
f 260/234/260 249/221/249 248/225/248
f 261/230/261 250/220/250 249/221/249
f 262/235/262 251/226/251 250/220/250
f 251/226/251 264/228/264 252/219/252
f 264/236/264 241/227/241 252/48/252
f 253/39/253 266/237/266 254/238/254
f 266/239/266 255/229/255 254/228/254
f 267/240/267 256/235/256 255/229/255
f 256/235/256 269/241/269 257/230/257
f 269/241/269 258/234/258 257/230/257
f 270/23/270 259/242/259 258/231/258
f 271/25/271 260/232/260 259/242/259
f 272/243/272 261/230/261 260/234/260
f 273/241/273 262/235/262 261/230/261
f 262/235/262 275/240/275 263/229/263
f 275/240/275 264/228/264 263/229/263
f 276/244/276 253/39/253 264/236/264
f 277/245/277 266/237/266 265/246/265
f 278/247/278 267/240/267 266/239/266
f 279/248/279 268/249/268 267/240/267
f 280/250/280 269/241/269 268/249/268
f 281/251/281 270/243/270 269/241/269
f 282/252/282 271/25/271 270/23/270
f 283/253/283 272/36/272 271/25/271
f 272/243/272 285/251/285 273/241/273
f 273/241/273 286/250/286 274/249/274
f 274/249/274 287/248/287 275/240/275
f 275/240/275 288/247/288 276/239/276
f 276/244/276 277/245/277 265/246/265
f 277/245/277 290/254/289 278/255/278
f 290/256/289 279/248/279 278/247/278
f 291/257/290 280/250/280 279/248/279
f 292/258/291 281/251/281 280/250/280
f 293/259/292 282/260/282 281/251/281
f 294/254/293 283/253/283 282/252/282
f 295/261/1 284/262/284 283/253/283
f 284/260/284 297/259/295 285/251/285
f 297/259/295 286/250/286 285/251/285
f 298/258/296 287/248/287 286/250/286
f 299/257/297 288/247/288 287/248/287
f 300/263/298 277/245/277 288/264/288
f 301/265/19 290/254/289 289/261/7
f 302/266/299 291/257/290 290/256/289
f 303/267/300 292/258/291 291/257/290
f 304/268/301 293/259/292 292/258/291
f 305/269/302 294/270/293 293/259/292
f 306/271/303 295/261/1 294/254/293
f 295/261/1 308/272/304 296/263/294
f 308/273/304 297/259/295 296/270/294
f 297/259/295 310/268/306 298/258/296
f 298/258/296 311/267/307 299/257/297
f 299/257/297 312/266/308 300/256/298
f 300/263/298 301/265/19 289/261/7
f 301/265/19 314/274/309 302/275/299
f 302/266/299 315/276/310 303/267/300
f 303/267/300 316/277/311 304/268/301
f 304/268/301 317/278/312 305/269/302
f 305/269/302 318/279/313 306/273/303
f 318/280/313 307/281/13 306/271/303
f 319/282/25 308/272/304 307/281/13
f 320/279/314 309/269/305 308/273/304
f 321/278/315 310/268/306 309/269/305
f 322/277/316 311/267/307 310/268/306
f 323/276/317 312/266/308 311/267/307
f 312/283/308 313/284/31 301/265/19
f 325/285/43 314/274/309 313/284/31
f 326/286/319 315/276/310 314/287/309
f 315/276/310 328/288/321 316/277/311
f 328/288/321 317/278/312 316/277/311
f 329/289/322 318/279/313 317/278/312
f 330/290/323 319/282/25 318/280/313
f 331/291/37 320/292/314 319/282/25
f 320/279/314 333/289/325 321/278/315
f 333/289/325 322/277/316 321/278/315
f 334/288/326 323/276/317 322/277/316
f 323/276/317 336/286/328 324/287/318
f 324/293/318 325/285/43 313/284/31
f 337/294/55 326/295/319 325/285/43
f 338/296/329 327/297/320 326/286/319
f 339/298/330 328/288/321 327/297/320
f 340/299/331 329/289/322 328/288/321
f 341/300/332 330/301/323 329/289/322
f 330/290/323 343/302/49 331/291/37
f 343/302/49 332/303/324 331/291/37
f 344/304/334 333/289/325 332/301/324
f 345/300/335 334/288/326 333/289/325
f 334/288/326 347/298/337 335/297/327
f 335/297/327 348/296/338 336/286/328
f 348/305/338 325/285/43 336/306/328
f 349/307/67 338/308/329 337/294/55
f 350/309/339 339/298/330 338/296/329
f 351/310/340 340/299/331 339/298/330
f 340/299/331 353/311/342 341/300/332
f 353/311/342 342/304/333 341/300/332
f 354/312/343 343/302/49 342/313/333
f 355/314/61 344/315/334 343/302/49
f 344/304/334 357/311/345 345/300/335
f 357/311/345 346/299/336 345/300/335
f 358/316/346 347/298/337 346/299/336
f 347/298/337 360/309/348 348/296/338
f 360/317/348 337/294/55 348/305/338
f 361/318/79 350/319/339 349/307/67
f 350/309/339 363/320/350 351/310/340
f 363/320/350 352/316/341 351/310/340
f 364/321/351 353/311/342 352/316/341
f 365/322/352 354/323/343 353/311/342
f 366/324/353 355/314/61 354/312/343
f 367/325/73 356/326/344 355/314/61
f 368/327/354 357/311/345 356/323/344
f 357/311/345 370/321/356 358/316/346
f 370/321/356 359/310/347 358/316/346
f 371/320/357 360/309/348 359/310/347
f 372/328/358 349/307/67 360/317/348
f 361/196/79 374/329/359 362/330/349
f 362/331/349 375/332/360 363/320/350
f 375/332/360 364/321/351 363/320/350
f 364/321/351 377/333/362 365/322/352
f 377/333/362 366/327/353 365/322/352
f 378/334/363 367/204/73 366/202/353
f 379/335/85 368/336/354 367/204/73
f 380/337/364 369/322/355 368/327/354
f 381/333/365 370/321/356 369/322/355
f 382/338/366 371/320/357 370/321/356
f 383/332/367 372/331/358 371/320/357
f 384/339/368 361/196/79 372/207/358
f 373/340/91 386/187/369 374/329/359
f 386/341/369 375/332/360 374/342/359
f 387/343/370 376/338/361 375/332/360
f 388/344/371 377/333/362 376/338/361
f 377/333/362 390/345/373 378/337/363
f 390/181/373 379/335/85 378/334/363
f 391/182/97 380/346/364 379/335/85
f 392/345/374 381/333/365 380/337/364
f 393/347/375 382/338/366 381/333/365
f 382/338/366 395/343/377 383/332/367
f 383/332/367 396/341/378 384/342/368
f 396/185/378 373/340/91 384/339/368
f 397/164/115 386/187/369 385/176/103
f 398/348/379 387/343/370 386/341/369
f 399/349/380 388/344/371 387/343/370
f 400/350/381 389/347/372 388/344/371
f 401/351/382 390/345/373 389/347/372
f 402/170/383 391/182/97 390/181/373
f 403/171/109 392/194/374 391/182/97
f 404/352/384 393/347/375 392/345/374
f 393/347/375 406/350/386 394/344/376
f 406/350/386 395/343/377 394/344/376
f 395/343/377 408/348/388 396/341/378
f 408/175/388 385/176/103 396/185/378
f 409/353/389 398/177/379 397/164/115
f 410/354/390 399/349/380 398/348/379
f 411/355/391 400/350/381 399/349/380
f 412/356/392 401/351/382 400/350/381
f 401/351/382 414/357/394 402/352/383
f 414/358/394 403/171/109 402/170/383
f 415/359/121 404/183/384 403/171/109
f 416/357/395 405/351/385 404/352/384
f 417/360/396 406/350/386 405/351/385
f 418/356/397 407/349/387 406/350/386
f 407/349/387 420/354/399 408/348/388
f 420/361/399 397/164/115 408/175/388
f 598/362/7 576/363/533 574/364/531
f 410/354/390 422/365/401 411/355/391
f 422/365/401 412/356/392 411/355/391
f 423/366/402 413/360/393 412/356/392
f 413/360/393 425/367/404 414/357/394
f 425/368/404 415/359/121 414/358/394
f 426/369/133 416/370/395 415/359/121
f 427/367/405 417/360/396 416/357/395
f 417/360/396 429/366/407 418/356/397
f 429/366/407 419/355/398 418/356/397
f 430/365/408 420/354/399 419/355/398
f 588/371/545 578/372/535 580/373/537
f 590/374/538 587/375/544 584/376/541
f 432/377/410 422/365/401 421/378/400
f 422/365/401 434/379/412 423/366/402
f 423/366/402 435/380/413 424/381/403
f 435/380/413 425/367/404 424/381/403
f 425/368/404 437/140/145 426/369/133
f 437/140/145 427/382/405 426/369/133
f 438/383/415 428/381/406 427/367/405
f 439/380/416 429/366/407 428/381/406
f 440/379/417 430/365/408 429/366/407
f 441/384/418 431/378/409 430/365/408
f 593/371/538 584/376/541 581/373/538
f 591/385/547 575/386/532 578/372/535
f 443/387/420 433/384/411 432/377/410
f 444/388/421 434/379/412 433/384/411
f 445/389/422 435/380/413 434/379/412
f 446/390/423 436/383/414 435/380/413
f 447/126/424 437/140/145 436/138/414
f 448/139/157 438/150/415 437/140/145
f 438/383/415 450/390/426 439/380/416
f 439/380/416 451/389/427 440/379/417
f 451/389/427 441/384/418 440/379/417
f 452/388/428 442/377/419 441/384/418
f 593/371/538 579/372/536 595/385/538
f 595/385/538 576/386/533 594/391/549
f 455/392/431 444/388/421 443/387/420
f 456/393/432 445/389/422 444/388/421
f 457/394/433 446/390/423 445/389/422
f 458/395/434 447/396/424 446/390/423
f 447/126/424 460/397/169 448/139/157
f 460/397/169 449/127/425 448/139/157
f 461/398/436 450/390/426 449/396/425
f 450/390/426 463/394/438 451/389/427
f 451/389/427 464/393/439 452/388/428
f 464/393/439 453/387/429 452/388/428
f 585/399/542 743/400/584 586/401/543
f 466/111/187 455/402/431 454/403/430
f 467/404/441 456/393/432 455/392/431
f 468/405/442 457/394/433 456/393/432
f 469/406/443 458/395/434 457/394/433
f 470/407/444 459/398/435 458/395/434
f 471/105/445 460/397/169 459/408/435
f 472/106/181 461/409/436 460/397/169
f 473/410/446 462/395/437 461/398/436
f 474/407/447 463/394/438 462/395/437
f 463/394/438 476/405/449 464/393/439
f 464/393/439 477/404/450 465/392/440
f 477/109/450 454/403/430 465/411/440
f 478/86/199 467/98/441 466/111/187
f 479/412/451 468/405/442 467/404/441
f 468/405/442 481/413/453 469/406/443
f 469/406/443 482/414/454 470/407/444
f 482/414/454 471/410/445 470/407/444
f 483/93/455 472/106/181 471/105/445
f 484/94/193 473/118/446 472/106/181
f 485/415/456 474/407/447 473/410/446
f 486/414/457 475/406/448 474/407/447
f 487/413/458 476/405/449 475/406/448
f 488/416/459 477/404/450 476/405/449
f 477/109/450 478/86/199 466/111/187
f 478/86/199 491/417/461 479/99/451
f 491/418/461 480/416/452 479/412/451
f 492/419/462 481/413/453 480/416/452
f 493/420/463 482/414/454 481/413/453
f 494/421/464 483/415/455 482/414/454
f 495/422/465 484/94/193 483/93/455
f 496/423/205 485/107/456 484/94/193
f 497/424/466 486/414/457 485/415/456
f 498/421/467 487/413/458 486/414/457
f 499/420/468 488/416/459 487/413/458
f 488/416/459 501/418/470 489/412/460
f 501/425/470 478/86/199 489/97/460
f 490/426/211 503/427/471 491/417/461
f 503/428/471 492/419/462 491/418/461
f 492/419/462 505/429/473 493/420/463
f 493/420/463 506/430/474 494/421/464
f 494/421/464 507/431/475 495/424/465
f 507/432/475 496/423/205 495/422/465
f 508/433/217 497/434/466 496/423/205
f 509/431/476 498/421/467 497/424/466
f 510/430/477 499/420/468 498/421/467
f 511/429/478 500/419/469 499/420/468
f 500/419/469 513/428/480 501/418/470
f 513/435/480 490/426/211 501/425/470
f 502/436/223 515/437/481 503/438/471
f 515/439/481 504/440/472 503/428/471
f 504/440/472 517/441/483 505/429/473
f 517/441/483 506/430/474 505/429/473
f 518/442/484 507/431/475 506/430/474
f 519/443/485 508/444/217 507/445/475
f 520/446/229 509/447/476 508/444/217
f 509/431/476 522/442/487 510/430/477
f 510/430/477 523/441/488 511/429/478
f 523/441/488 512/440/479 511/429/478
f 524/448/489 513/428/480 512/440/479
f 525/449/490 502/436/223 513/450/480
f 526/451/247 515/437/481 514/452/235
f 527/453/491 516/448/482 515/439/481
f 528/454/492 517/441/483 516/448/482
f 529/455/493 518/442/484 517/441/483
f 530/456/494 519/457/485 518/442/484
f 531/458/495 520/446/229 519/443/485
f 532/459/241 521/460/486 520/446/229
f 521/457/486 534/456/497 522/442/487
f 534/456/497 523/441/488 522/442/487
f 535/455/498 524/448/489 523/441/488
f 524/448/489 537/453/500 525/439/490
f 537/461/500 514/452/235 525/449/490
f 538/462/259 527/463/491 526/451/247
f 539/464/501 528/454/492 527/453/491
f 528/454/492 541/465/503 529/455/493
f 541/465/503 530/456/494 529/455/493
f 542/466/504 531/467/495 530/456/494
f 543/468/505 532/459/241 531/458/495
f 544/469/253 533/470/496 532/459/241
f 545/471/506 534/456/497 533/467/496
f 546/466/507 535/455/498 534/456/497
f 547/465/508 536/454/499 535/455/498
f 548/472/509 537/453/500 536/454/499
f 549/473/510 526/451/247 537/461/500
f 550/474/271 539/475/501 538/462/259
f 551/476/511 540/472/502 539/464/501
f 552/477/512 541/465/503 540/472/502
f 553/478/513 542/466/504 541/465/503
f 554/479/514 543/471/505 542/466/504
f 555/480/515 544/469/253 543/468/505
f 556/481/265 545/482/506 544/469/253
f 545/471/506 558/479/517 546/466/507
f 558/479/517 547/465/508 546/466/507
f 559/478/518 548/472/509 547/465/508
f 560/477/519 549/464/510 548/472/509
f 561/483/520 538/462/259 549/473/510
f 550/474/271 563/484/521 551/485/511
f 551/476/511 564/486/522 552/477/512
f 552/477/512 565/487/523 553/478/513
f 565/487/523 554/479/514 553/478/513
f 566/488/524 555/489/515 554/479/514
f 555/480/515 568/490/277 556/481/265
f 568/490/277 557/491/516 556/481/265
f 569/492/526 558/479/517 557/489/516
f 558/479/517 571/487/528 559/478/518
f 571/487/528 560/477/519 559/478/518
f 572/486/529 561/476/520 560/477/519
f 573/493/530 550/474/271 561/483/520
f 1/3/1 563/484/521 562/494/283
f 2/4/2 564/486/522 563/495/521
f 3/6/3 565/487/523 564/486/522
f 4/7/4 566/488/524 565/487/523
f 5/9/5 567/492/525 566/488/524
f 6/2/6 568/490/277 567/496/525
f 568/490/277 8/13/8 569/497/526
f 8/11/8 570/488/527 569/492/526
f 9/9/9 571/487/528 570/488/527
f 10/7/10 572/486/529 571/487/528
f 572/486/529 12/4/12 573/495/530
f 573/493/530 1/3/1 562/494/283
f 574/498/531 578/499/535 575/500/532
f 579/501/536 574/498/531 576/502/533
f 582/503/539 707/504/570 584/505/541
f 580/373/537 700/506/564 703/507/566
f 582/503/539 706/508/569 705/509/568
f 581/373/538 707/510/570 704/507/567
f 582/511/539 586/401/543 583/512/540
f 587/513/544 582/511/539 584/514/541
f 588/371/545 583/376/540 599/374/552
f 599/374/552 586/375/543 597/515/551
f 589/515/546 739/516/580 587/375/544
f 598/362/7 575/517/532 592/518/548
f 603/519/7 592/518/548 607/520/548
f 596/521/550 709/522/572 712/523/575
f 604/524/555 597/515/551 610/525/557
f 688/526/553 755/527/591 421/528/400
f 602/529/554 708/530/571 605/531/556
f 609/532/538 594/391/549 601/533/549
f 608/534/538 595/385/538 609/532/538
f 600/532/553 592/391/548 591/385/547
f 608/534/538 590/374/538 593/371/538
f 606/524/538 589/515/546 590/374/538
f 615/535/555 763/536/555 604/537/555
f 603/519/7 594/538/549 598/362/7
f 614/539/7 601/540/549 603/519/7
f 659/541/555 775/542/555 648/543/555
f 617/544/538 605/525/556 606/524/538
f 619/545/538 606/524/538 608/534/538
f 611/546/553 607/533/548 600/532/553
f 619/545/538 609/532/538 620/546/538
f 620/546/538 601/533/549 612/547/549
f 613/539/558 610/520/557 602/519/554
f 622/548/553 771/549/553 633/550/553
f 615/544/555 610/525/557 621/551/560
f 613/539/558 605/540/556 616/552/559
f 614/539/7 607/520/548 618/553/548
f 625/554/7 618/553/548 629/555/548
f 613/556/558 715/557/572 718/558/575
f 626/559/555 621/551/560 632/560/557
f 666/561/553 783/562/553 677/563/553
f 624/564/554 714/565/577 627/566/556
f 631/567/538 612/547/549 623/568/549
f 630/569/538 620/546/538 631/567/538
f 622/567/553 618/547/548 611/546/553
f 630/569/538 617/544/538 619/545/538
f 628/559/538 616/551/559 617/544/538
f 599/570/552 758/571/593 588/572/545
f 625/554/7 612/552/549 614/539/7
f 636/573/7 623/574/549 625/554/7
f 588/572/545 760/575/595 591/576/547
f 639/577/538 627/560/556 628/559/538
f 641/578/538 628/559/538 630/569/538
f 633/579/553 629/568/548 622/567/553
f 641/578/538 631/567/538 642/579/538
f 642/579/538 623/568/549 634/580/549
f 635/573/558 632/555/557 624/554/554
f 604/537/555 759/581/594 599/582/552
f 637/577/555 632/560/557 643/583/560
f 635/573/558 627/574/556 638/584/559
f 636/573/7 629/555/548 640/585/548
f 647/586/7 640/585/548 651/587/548
f 649/588/556 721/589/572 638/583/559
f 648/590/555 643/583/560 654/588/557
f 648/543/555 772/549/555 637/550/555
f 646/591/554 722/592/578 725/593/576
f 653/594/538 634/580/549 645/595/549
f 652/596/538 642/579/538 653/594/538
f 644/594/553 640/580/548 633/579/553
f 652/596/538 639/577/538 641/578/538
f 650/590/538 638/583/559 639/577/538
f 611/535/553 768/597/553 622/548/553
f 647/586/7 634/584/549 636/573/7
f 658/598/7 645/599/549 647/586/7
f 443/600/420 757/601/555 692/526/555
f 661/602/538 649/588/556 650/590/538
f 663/603/538 650/590/538 652/596/538
f 655/604/553 651/595/548 644/594/553
f 663/603/538 653/594/538 664/604/538
f 664/604/538 645/595/549 656/605/549
f 657/598/561 654/587/557 646/586/554
f 692/526/555 784/562/555 681/563/555
f 659/602/555 654/588/557 665/606/560
f 657/598/561 649/599/556 660/607/559
f 658/598/7 651/587/548 662/608/548
f 669/609/7 662/608/548 673/610/548
f 668/611/554 726/612/571 671/613/556
f 670/614/555 665/606/560 676/615/557
f 655/541/553 780/616/553 666/561/553
f 671/615/556 727/617/572 660/606/559
f 675/618/538 656/605/549 667/619/549
f 674/620/538 664/604/538 675/618/538
f 666/618/553 662/605/548 655/604/553
f 674/620/538 661/602/538 663/603/538
f 672/614/538 660/606/559 661/602/538
f 432/143/410 756/621/592 443/133/420
f 669/609/7 656/607/549 658/598/7
f 680/622/7 667/623/549 669/609/7
f 637/550/555 769/597/555 626/548/555
f 683/624/538 671/615/556 672/614/538
f 685/625/538 672/614/538 674/620/538
f 677/626/553 673/619/548 666/618/553
f 685/625/538 675/618/538 686/626/538
f 686/626/538 667/619/549 678/627/549
f 679/622/561 676/610/557 668/609/554
f 600/537/553 765/628/553 611/535/553
f 681/624/555 676/615/557 687/629/560
f 679/622/561 671/623/556 682/630/559
f 680/622/7 673/610/548 684/631/548
f 691/632/7 684/631/548 695/633/548
f 679/634/561 733/635/572 736/636/575
f 692/637/555 687/629/560 698/638/537
f 681/563/555 781/616/555 670/561/555
f 690/639/562 732/640/571 693/641/538
f 697/642/538 678/627/549 689/643/549
f 696/644/538 686/626/538 697/642/538
f 688/642/553 684/627/548 677/626/553
f 696/644/538 683/624/538 685/625/538
f 694/637/538 682/629/559 683/624/538
f 644/543/553 777/645/553 655/541/553
f 691/632/7 678/630/549 680/622/7
f 409/646/389 689/647/549 691/632/7
f 421/648/400 753/649/590 432/143/410
f 453/387/429 693/638/538 694/637/538
f 442/377/419 694/637/538 696/644/538
f 421/378/400 695/643/548 688/642/553
f 442/377/419 697/642/538 431/378/409
f 431/378/409 689/643/549 420/354/399
f 698/638/537 748/650/588 455/392/431
f 626/548/555 766/628/555 615/535/555
f 443/387/420 698/638/537 455/392/431
f 690/639/562 750/651/572 746/652/575
f 409/646/389 695/633/548 410/653/390
f 702/654/151 700/655/564 699/656/563
f 701/657/565 702/654/151 699/656/563
f 705/658/568 703/659/566 702/654/151
f 704/660/567 705/658/568 702/654/151
f 580/373/537 706/510/569 583/376/540
f 577/503/534 700/508/564 578/661/535
f 581/373/538 701/506/565 579/372/536
f 577/503/534 701/504/565 699/509/563
f 713/519/576 709/538/572 708/540/571
f 713/519/576 711/518/574 712/362/575
f 597/515/551 710/662/573 610/525/557
f 596/521/550 711/663/574 597/664/551
f 605/525/556 709/665/572 589/515/546
f 602/529/554 710/666/573 713/667/576
f 719/554/576 715/552/572 714/574/577
f 719/554/576 717/553/574 718/539/575
f 621/551/560 716/668/578 632/560/557
f 613/556/558 717/669/574 621/670/560
f 624/564/554 716/671/578 719/672/576
f 627/560/556 715/673/572 616/551/559
f 725/586/576 721/584/572 720/599/577
f 725/586/576 723/585/574 724/573/575
f 646/591/554 720/674/577 649/675/556
f 635/676/558 721/677/572 724/678/575
f 654/588/557 723/589/574 722/679/578
f 635/676/558 723/680/574 643/681/560
f 731/609/576 727/607/572 726/623/571
f 731/609/576 729/608/574 730/598/575
f 657/682/561 727/683/572 730/684/575
f 676/615/557 729/617/574 728/685/573
f 657/682/561 729/686/574 665/687/560
f 668/611/554 728/688/573 731/689/576
f 737/632/576 733/630/572 732/647/571
f 737/632/576 735/631/574 736/622/575
f 687/629/560 734/690/573 698/638/537
f 679/634/561 735/691/574 687/692/560
f 690/639/562 734/693/573 737/694/576
f 693/638/538 733/695/572 682/629/559
f 741/696/582 739/697/580 738/698/579
f 585/399/542 739/699/580 740/700/581
f 585/701/542 741/702/582 596/703/550
f 596/521/550 738/704/579 589/705/546
f 745/706/586 743/707/584 744/708/585
f 596/521/550 742/709/583 745/710/586
f 586/375/543 742/711/583 597/515/551
f 596/703/550 744/712/585 585/701/542
f 747/713/587 751/633/574 746/632/575
f 747/713/587 750/647/572 749/714/589
f 690/639/562 751/715/574 698/716/537
f 465/392/440 750/717/572 693/638/538
f 454/403/430 748/718/588 747/719/587
f 454/403/430 749/720/589 465/411/440
f 761/534/537 759/374/594 763/524/555
f 761/534/537 760/385/595 758/371/593
f 764/545/537 762/532/553 761/534/537
f 764/545/537 763/524/555 766/544/555
f 767/569/537 766/544/555 769/559/555
f 767/569/537 765/546/553 764/545/537
f 770/578/537 768/567/553 767/569/537
f 770/578/537 769/559/555 772/577/555
f 773/596/537 772/577/555 775/590/555
f 773/596/537 771/579/553 770/578/537
f 776/603/537 774/594/553 773/596/537
f 776/603/537 775/590/555 778/602/555
f 779/620/537 778/602/555 781/614/555
f 779/620/537 777/604/553 776/603/537
f 782/625/537 780/618/553 779/620/537
f 782/625/537 781/614/555 784/624/555
f 752/644/537 784/624/555 757/637/555
f 752/644/537 783/626/553 782/625/537
f 753/377/590 754/642/553 752/644/537
f 753/377/590 757/637/555 756/387/592
f 677/563/553 754/601/553 688/526/553
f 633/550/553 774/542/553 644/543/553
f 670/561/555 778/645/555 659/541/555
f 591/582/547 762/536/553 600/537/553
f 13/1/13 14/17/14 2/2/2
f 2/4/2 14/19/14 15/5/15
f 15/5/15 16/8/16 4/7/4
f 16/8/16 17/10/17 5/9/5
f 17/10/17 18/14/18 6/11/6
f 6/2/6 18/24/18 19/12/19
f 19/12/19 20/26/20 8/13/8
f 20/14/20 21/10/21 9/9/9
f 21/10/21 22/8/22 10/7/10
f 22/8/22 23/5/23 11/6/11
f 23/5/23 24/19/24 12/4/12
f 24/15/24 13/1/13 1/3/1
f 25/16/25 26/29/26 14/17/14
f 26/18/26 27/20/27 15/5/15
f 27/20/27 28/21/28 16/8/16
f 28/21/28 29/33/29 17/10/17
f 17/10/17 29/33/29 30/22/30
f 30/23/30 31/25/31 19/12/19
f 31/25/31 32/36/32 20/26/20
f 32/22/32 33/33/33 21/10/21
f 21/10/21 33/33/33 34/21/34
f 22/8/22 34/21/34 35/20/35
f 23/5/23 35/20/35 36/18/36
f 36/27/36 25/16/25 13/1/13
f 25/16/25 37/39/37 38/28/38
f 38/30/38 39/31/39 27/20/27
f 39/31/39 40/37/40 28/21/28
f 28/21/28 40/37/40 41/32/41
f 29/33/29 41/32/41 42/34/42
f 30/23/30 42/45/42 43/35/43
f 43/35/43 44/47/44 32/36/32
f 44/34/44 45/32/45 33/33/33
f 33/33/33 45/32/45 46/37/46
f 34/21/34 46/37/46 47/31/47
f 35/20/35 47/31/47 48/30/48
f 48/38/48 37/39/37 25/16/25
f 37/39/37 49/50/49 50/40/50
f 38/30/38 50/51/50 51/41/51
f 39/31/39 51/41/51 52/42/52
f 52/42/52 53/54/53 41/32/41
f 41/32/41 53/54/53 54/43/54
f 54/44/54 55/46/55 43/35/43
f 55/46/55 56/58/56 44/47/44
f 56/43/56 57/54/57 45/32/45
f 45/32/45 57/54/57 58/42/58
f 58/42/58 59/41/59 47/31/47
f 59/41/59 60/51/60 48/30/48
f 60/48/60 49/50/49 37/39/37
f 61/49/61 62/61/62 50/40/50
f 50/51/50 62/63/62 63/52/63
f 63/52/63 64/53/64 52/42/52
f 64/53/64 65/59/65 53/54/53
f 53/54/53 65/59/65 66/55/66
f 66/56/66 67/57/67 55/46/55
f 67/57/67 68/69/68 56/58/56
f 68/55/68 69/59/69 57/54/57
f 69/59/69 70/53/70 58/42/58
f 70/53/70 71/52/71 59/41/59
f 71/52/71 72/63/72 60/51/60
f 60/48/60 72/72/72 61/49/61
f 73/60/73 74/209/74 62/61/62
f 74/62/74 75/64/75 63/52/63
f 75/64/75 76/65/76 64/53/64
f 76/65/76 77/66/77 65/59/65
f 77/66/77 78/70/78 66/55/66
f 78/67/78 79/216/79 67/57/67
f 67/57/67 79/216/79 80/68/80
f 80/70/80 81/66/81 69/59/69
f 81/66/81 82/65/82 70/53/70
f 82/65/82 83/64/83 71/52/71
f 71/52/71 83/64/83 84/62/84
f 84/71/84 73/60/73 61/49/61
f 85/73/85 86/87/86 74/74/74
f 74/62/74 86/88/86 87/76/87
f 87/76/87 88/77/88 76/65/76
f 88/77/88 89/91/89 77/66/77
f 77/66/77 89/91/89 90/78/90
f 90/79/90 91/82/91 79/80/79
f 91/82/91 92/95/92 80/83/80
f 92/78/92 93/91/93 81/66/81
f 81/66/81 93/91/93 94/77/94
f 82/65/82 94/77/94 95/76/95
f 95/76/95 96/88/96 84/62/84
f 96/84/96 85/73/85 73/75/73
f 97/86/97 98/99/98 86/87/86
f 86/88/86 98/101/98 99/89/99
f 87/76/87 99/89/99 100/90/100
f 100/90/100 101/96/101 89/91/89
f 89/91/89 101/96/101 102/92/102
f 102/93/102 103/94/103 91/82/91
f 103/94/103 104/107/104 92/95/92
f 104/92/104 105/96/105 93/91/93
f 105/96/105 106/90/106 94/77/94
f 106/90/106 107/89/107 95/76/95
f 107/89/107 108/101/108 96/88/96
f 108/97/108 97/86/97 85/73/85
f 97/86/97 109/111/109 110/98/110
f 110/100/110 111/102/111 99/89/99
f 111/102/111 112/103/112 100/90/100
f 112/103/112 113/104/113 101/96/101
f 113/104/113 114/108/114 102/92/102
f 114/105/114 115/106/115 103/94/103
f 115/106/115 116/118/116 104/107/104
f 116/108/116 117/104/117 105/96/105
f 105/96/105 117/104/117 118/103/118
f 106/90/106 118/103/118 119/102/119
f 119/102/119 120/100/120 108/101/108
f 120/109/120 109/111/109 97/86/97
f 121/110/121 122/122/122 110/98/110
f 122/112/122 123/113/123 111/102/111
f 123/113/123 124/114/124 112/103/112
f 124/114/124 125/119/125 113/104/113
f 113/104/113 125/119/125 126/115/126
f 126/116/126 127/117/127 115/106/115
f 127/117/127 128/128/128 116/118/116
f 128/115/128 129/119/129 117/104/117
f 129/119/129 130/114/130 118/103/118
f 130/114/130 131/113/131 119/102/119
f 131/113/131 132/112/132 120/100/120
f 132/120/132 121/110/121 109/111/109
f 133/121/133 134/133/134 122/122/122
f 134/123/134 135/130/135 123/113/123
f 123/113/123 135/130/135 136/124/136
f 136/124/136 137/125/137 125/119/125
f 137/125/137 138/129/138 126/115/126
f 138/126/138 139/139/139 127/117/127
f 127/117/127 139/139/139 140/127/140
f 140/129/140 141/125/141 129/119/129
f 129/119/129 141/125/141 142/124/142
f 142/124/142 143/130/143 131/113/131
f 143/130/143 144/123/144 132/112/132
f 144/131/144 133/121/133 121/110/121
f 145/132/145 146/143/146 134/133/134
f 146/134/146 147/135/147 135/130/135
f 147/135/147 148/141/148 136/124/136
f 136/124/136 148/141/148 149/136/149
f 137/125/137 149/136/149 150/137/150
f 150/138/150 151/140/151 139/139/139
f 151/140/151 152/150/152 140/127/140
f 152/137/152 153/136/153 141/125/141
f 153/136/153 154/141/154 142/124/142
f 154/141/154 155/135/155 143/130/143
f 155/135/155 156/134/156 144/123/144
f 144/131/144 156/152/156 145/132/145
f 157/142/157 158/154/158 146/143/146
f 158/144/158 159/145/159 147/135/147
f 159/145/159 160/146/160 148/141/148
f 160/146/160 161/147/161 149/136/149
f 161/147/161 162/151/162 150/137/150
f 162/148/162 163/159/163 151/140/151
f 151/140/151 163/159/163 164/149/164
f 164/151/164 165/147/165 153/136/153
f 153/136/153 165/147/165 166/146/166
f 154/141/154 166/146/166 167/145/167
f 155/135/155 167/145/167 168/144/168
f 156/152/156 168/163/168 157/142/157
f 169/153/169 170/165/170 158/154/158
f 158/144/158 170/167/170 171/155/171
f 159/145/159 171/155/171 172/156/172
f 172/156/172 173/157/173 161/147/161
f 173/157/173 174/161/174 162/151/162
f 174/158/174 175/160/175 163/159/163
f 175/160/175 176/172/176 164/149/164
f 176/161/176 177/157/177 165/147/165
f 177/157/177 178/156/178 166/146/166
f 178/156/178 179/155/179 167/145/167
f 179/155/179 180/167/180 168/144/168
f 180/162/180 169/153/169 157/142/157
f 181/164/181 182/177/182 170/165/170
f 182/166/182 183/168/183 171/155/171
f 183/168/183 184/174/184 172/156/172
f 172/156/172 184/174/184 185/169/185
f 185/169/185 186/173/186 174/161/174
f 186/170/186 187/171/187 175/160/175
f 187/171/187 188/183/188 176/172/176
f 188/173/188 189/169/189 177/157/177
f 177/157/177 189/169/189 190/174/190
f 190/174/190 191/168/191 179/155/179
f 179/155/179 191/168/191 192/166/192
f 192/175/192 181/164/181 169/153/169
f 193/176/193 194/187/194 182/177/182
f 182/166/182 194/189/194 195/178/195
f 195/178/195 196/179/196 184/174/184
f 196/179/196 197/180/197 185/169/185
f 197/180/197 198/184/198 186/173/186
f 198/181/198 199/182/199 187/171/187
f 199/182/199 200/194/200 188/183/188
f 200/184/200 201/180/201 189/169/189
f 201/180/201 202/179/202 190/174/190
f 202/179/202 203/178/203 191/168/191
f 203/178/203 204/189/204 192/166/192
f 204/185/204 193/176/193 181/164/181
f 205/186/205 206/197/206 194/187/194
f 206/188/206 207/190/207 195/178/195
f 207/190/207 208/191/208 196/179/196
f 208/191/208 209/192/209 197/180/197
f 209/192/209 210/201/210 198/184/198
f 198/181/198 210/203/210 211/193/211
f 211/193/211 212/205/212 200/194/200
f 200/184/200 212/201/212 213/192/213
f 201/180/201 213/192/213 214/191/214
f 202/179/202 214/191/214 215/190/215
f 203/178/203 215/190/215 216/188/216
f 216/195/216 205/186/205 193/176/193
f 217/196/217 218/330/218 206/197/206
f 218/198/218 219/206/219 207/190/207
f 207/190/207 219/206/219 220/199/220
f 220/199/220 221/200/221 209/192/209
f 221/200/221 222/214/222 210/201/210
f 222/202/222 223/204/223 211/193/211
f 223/204/223 224/336/224 212/205/212
f 212/201/212 224/214/224 225/200/225
f 225/200/225 226/199/226 214/191/214
f 226/199/226 227/206/227 215/190/215
f 227/206/227 228/198/228 216/188/216
f 228/207/228 217/196/217 205/186/205
f 229/208/229 230/61/230 218/209/218
f 230/211/230 231/212/231 219/206/219
f 231/212/231 232/218/232 220/199/220
f 220/199/220 232/218/232 233/213/233
f 233/213/233 234/222/234 222/214/222
f 234/215/234 235/217/235 223/216/223
f 235/217/235 236/224/236 224/68/224
f 224/214/224 236/222/236 237/213/237
f 237/213/237 238/218/238 226/199/226
f 238/218/238 239/212/239 227/206/227
f 227/206/227 239/212/239 240/211/240
f 240/72/240 229/208/229 217/210/217
f 229/208/229 241/227/241 242/40/242
f 242/219/242 243/226/243 231/212/231
f 231/212/231 243/226/243 244/220/244
f 244/220/244 245/221/245 233/213/233
f 245/221/245 246/225/246 234/222/234
f 246/223/246 247/46/247 235/217/235
f 247/46/247 248/233/248 236/224/236
f 248/225/248 249/221/249 237/213/237
f 237/213/237 249/221/249 250/220/250
f 250/220/250 251/226/251 239/212/239
f 251/226/251 252/219/252 240/211/240
f 252/48/252 241/227/241 229/208/229
f 253/39/253 254/238/254 242/40/242
f 254/228/254 255/229/255 243/226/243
f 255/229/255 256/235/256 244/220/244
f 244/220/244 256/235/256 257/230/257
f 257/230/257 258/234/258 246/225/246
f 258/231/258 259/242/259 247/46/247
f 247/46/247 259/242/259 260/232/260
f 260/234/260 261/230/261 249/221/249
f 261/230/261 262/235/262 250/220/250
f 262/235/262 263/229/263 251/226/251
f 251/226/251 263/229/263 264/228/264
f 264/236/264 253/39/253 241/227/241
f 253/39/253 265/246/265 266/237/266
f 266/239/266 267/240/267 255/229/255
f 267/240/267 268/249/268 256/235/256
f 256/235/256 268/249/268 269/241/269
f 269/241/269 270/243/270 258/234/258
f 270/23/270 271/25/271 259/242/259
f 271/25/271 272/36/272 260/232/260
f 272/243/272 273/241/273 261/230/261
f 273/241/273 274/249/274 262/235/262
f 262/235/262 274/249/274 275/240/275
f 275/240/275 276/239/276 264/228/264
f 276/244/276 265/246/265 253/39/253
f 277/245/277 278/255/278 266/237/266
f 278/247/278 279/248/279 267/240/267
f 279/248/279 280/250/280 268/249/268
f 280/250/280 281/251/281 269/241/269
f 281/251/281 282/260/282 270/243/270
f 282/252/282 283/253/283 271/25/271
f 283/253/283 284/262/284 272/36/272
f 272/243/272 284/260/284 285/251/285
f 273/241/273 285/251/285 286/250/286
f 274/249/274 286/250/286 287/248/287
f 275/240/275 287/248/287 288/247/288
f 276/244/276 288/264/288 277/245/277
f 277/245/277 289/261/7 290/254/289
f 290/256/289 291/257/290 279/248/279
f 291/257/290 292/258/291 280/250/280
f 292/258/291 293/259/292 281/251/281
f 293/259/292 294/270/293 282/260/282
f 294/254/293 295/261/1 283/253/283
f 295/261/1 296/263/294 284/262/284
f 284/260/284 296/270/294 297/259/295
f 297/259/295 298/258/296 286/250/286
f 298/258/296 299/257/297 287/248/287
f 299/257/297 300/256/298 288/247/288
f 300/263/298 289/261/7 277/245/277
f 301/265/19 302/275/299 290/254/289
f 302/266/299 303/267/300 291/257/290
f 303/267/300 304/268/301 292/258/291
f 304/268/301 305/269/302 293/259/292
f 305/269/302 306/273/303 294/270/293
f 306/271/303 307/281/13 295/261/1
f 295/261/1 307/281/13 308/272/304
f 308/273/304 309/269/305 297/259/295
f 297/259/295 309/269/305 310/268/306
f 298/258/296 310/268/306 311/267/307
f 299/257/297 311/267/307 312/266/308
f 300/263/298 312/283/308 301/265/19
f 301/265/19 313/284/31 314/274/309
f 302/266/299 314/287/309 315/276/310
f 303/267/300 315/276/310 316/277/311
f 304/268/301 316/277/311 317/278/312
f 305/269/302 317/278/312 318/279/313
f 318/280/313 319/282/25 307/281/13
f 319/282/25 320/292/314 308/272/304
f 320/279/314 321/278/315 309/269/305
f 321/278/315 322/277/316 310/268/306
f 322/277/316 323/276/317 311/267/307
f 323/276/317 324/287/318 312/266/308
f 312/283/308 324/293/318 313/284/31
f 325/285/43 326/295/319 314/274/309
f 326/286/319 327/297/320 315/276/310
f 315/276/310 327/297/320 328/288/321
f 328/288/321 329/289/322 317/278/312
f 329/289/322 330/301/323 318/279/313
f 330/290/323 331/291/37 319/282/25
f 331/291/37 332/303/324 320/292/314
f 320/279/314 332/301/324 333/289/325
f 333/289/325 334/288/326 322/277/316
f 334/288/326 335/297/327 323/276/317
f 323/276/317 335/297/327 336/286/328
f 324/293/318 336/306/328 325/285/43
f 337/294/55 338/308/329 326/295/319
f 338/296/329 339/298/330 327/297/320
f 339/298/330 340/299/331 328/288/321
f 340/299/331 341/300/332 329/289/322
f 341/300/332 342/304/333 330/301/323
f 330/290/323 342/313/333 343/302/49
f 343/302/49 344/315/334 332/303/324
f 344/304/334 345/300/335 333/289/325
f 345/300/335 346/299/336 334/288/326
f 334/288/326 346/299/336 347/298/337
f 335/297/327 347/298/337 348/296/338
f 348/305/338 337/294/55 325/285/43
f 349/307/67 350/319/339 338/308/329
f 350/309/339 351/310/340 339/298/330
f 351/310/340 352/316/341 340/299/331
f 340/299/331 352/316/341 353/311/342
f 353/311/342 354/323/343 342/304/333
f 354/312/343 355/314/61 343/302/49
f 355/314/61 356/326/344 344/315/334
f 344/304/334 356/323/344 357/311/345
f 357/311/345 358/316/346 346/299/336
f 358/316/346 359/310/347 347/298/337
f 347/298/337 359/310/347 360/309/348
f 360/317/348 349/307/67 337/294/55
f 361/318/79 362/721/349 350/319/339
f 350/309/339 362/331/349 363/320/350
f 363/320/350 364/321/351 352/316/341
f 364/321/351 365/322/352 353/311/342
f 365/322/352 366/327/353 354/323/343
f 366/324/353 367/325/73 355/314/61
f 367/325/73 368/722/354 356/326/344
f 368/327/354 369/322/355 357/311/345
f 357/311/345 369/322/355 370/321/356
f 370/321/356 371/320/357 359/310/347
f 371/320/357 372/331/358 360/309/348
f 372/328/358 361/318/79 349/307/67
f 361/196/79 373/340/91 374/329/359
f 362/331/349 374/342/359 375/332/360
f 375/332/360 376/338/361 364/321/351
f 364/321/351 376/338/361 377/333/362
f 377/333/362 378/337/363 366/327/353
f 378/334/363 379/335/85 367/204/73
f 379/335/85 380/346/364 368/336/354
f 380/337/364 381/333/365 369/322/355
f 381/333/365 382/338/366 370/321/356
f 382/338/366 383/332/367 371/320/357
f 383/332/367 384/342/368 372/331/358
f 384/339/368 373/340/91 361/196/79
f 373/340/91 385/176/103 386/187/369
f 386/341/369 387/343/370 375/332/360
f 387/343/370 388/344/371 376/338/361
f 388/344/371 389/347/372 377/333/362
f 377/333/362 389/347/372 390/345/373
f 390/181/373 391/182/97 379/335/85
f 391/182/97 392/194/374 380/346/364
f 392/345/374 393/347/375 381/333/365
f 393/347/375 394/344/376 382/338/366
f 382/338/366 394/344/376 395/343/377
f 383/332/367 395/343/377 396/341/378
f 396/185/378 385/176/103 373/340/91
f 397/164/115 398/177/379 386/187/369
f 398/348/379 399/349/380 387/343/370
f 399/349/380 400/350/381 388/344/371
f 400/350/381 401/351/382 389/347/372
f 401/351/382 402/352/383 390/345/373
f 402/170/383 403/171/109 391/182/97
f 403/171/109 404/183/384 392/194/374
f 404/352/384 405/351/385 393/347/375
f 393/347/375 405/351/385 406/350/386
f 406/350/386 407/349/387 395/343/377
f 395/343/377 407/349/387 408/348/388
f 408/175/388 397/164/115 385/176/103
f 409/353/389 410/723/390 398/177/379
f 410/354/390 411/355/391 399/349/380
f 411/355/391 412/356/392 400/350/381
f 412/356/392 413/360/393 401/351/382
f 401/351/382 413/360/393 414/357/394
f 414/358/394 415/359/121 403/171/109
f 415/359/121 416/370/395 404/183/384
f 416/357/395 417/360/396 405/351/385
f 417/360/396 418/356/397 406/350/386
f 418/356/397 419/355/398 407/349/387
f 407/349/387 419/355/398 420/354/399
f 420/361/399 409/353/389 397/164/115
f 598/362/7 594/538/549 576/363/533
f 410/354/390 421/378/400 422/365/401
f 422/365/401 423/366/402 412/356/392
f 423/366/402 424/381/403 413/360/393
f 413/360/393 424/381/403 425/367/404
f 425/368/404 426/369/133 415/359/121
f 426/369/133 427/382/405 416/370/395
f 427/367/405 428/381/406 417/360/396
f 417/360/396 428/381/406 429/366/407
f 429/366/407 430/365/408 419/355/398
f 430/365/408 431/378/409 420/354/399
f 588/371/545 591/385/547 578/372/535
f 590/374/538 589/515/546 587/375/544
f 432/377/410 433/384/411 422/365/401
f 422/365/401 433/384/411 434/379/412
f 423/366/402 434/379/412 435/380/413
f 435/380/413 436/383/414 425/367/404
f 425/368/404 436/138/414 437/140/145
f 437/140/145 438/150/415 427/382/405
f 438/383/415 439/380/416 428/381/406
f 439/380/416 440/379/417 429/366/407
f 440/379/417 441/384/418 430/365/408
f 441/384/418 442/377/419 431/378/409
f 593/371/538 590/374/538 584/376/541
f 591/385/547 592/391/548 575/386/532
f 443/387/420 444/388/421 433/384/411
f 444/388/421 445/389/422 434/379/412
f 445/389/422 446/390/423 435/380/413
f 446/390/423 447/396/424 436/383/414
f 447/126/424 448/139/157 437/140/145
f 448/139/157 449/127/425 438/150/415
f 438/383/415 449/396/425 450/390/426
f 439/380/416 450/390/426 451/389/427
f 451/389/427 452/388/428 441/384/418
f 452/388/428 453/387/429 442/377/419
f 593/371/538 581/373/538 579/372/536
f 595/385/538 579/372/536 576/386/533
f 455/392/431 456/393/432 444/388/421
f 456/393/432 457/394/433 445/389/422
f 457/394/433 458/395/434 446/390/423
f 458/395/434 459/398/435 447/396/424
f 447/126/424 459/408/435 460/397/169
f 460/397/169 461/409/436 449/127/425
f 461/398/436 462/395/437 450/390/426
f 450/390/426 462/395/437 463/394/438
f 451/389/427 463/394/438 464/393/439
f 464/393/439 465/392/440 453/387/429
f 585/399/542 744/724/585 743/400/584
f 466/111/187 467/98/441 455/402/431
f 467/404/441 468/405/442 456/393/432
f 468/405/442 469/406/443 457/394/433
f 469/406/443 470/407/444 458/395/434
f 470/407/444 471/410/445 459/398/435
f 471/105/445 472/106/181 460/397/169
f 472/106/181 473/118/446 461/409/436
f 473/410/446 474/407/447 462/395/437
f 474/407/447 475/406/448 463/394/438
f 463/394/438 475/406/448 476/405/449
f 464/393/439 476/405/449 477/404/450
f 477/109/450 466/111/187 454/403/430
f 478/86/199 479/99/451 467/98/441
f 479/412/451 480/416/452 468/405/442
f 468/405/442 480/416/452 481/413/453
f 469/406/443 481/413/453 482/414/454
f 482/414/454 483/415/455 471/410/445
f 483/93/455 484/94/193 472/106/181
f 484/94/193 485/107/456 473/118/446
f 485/415/456 486/414/457 474/407/447
f 486/414/457 487/413/458 475/406/448
f 487/413/458 488/416/459 476/405/449
f 488/416/459 489/412/460 477/404/450
f 477/109/450 489/97/460 478/86/199
f 478/86/199 490/426/211 491/417/461
f 491/418/461 492/419/462 480/416/452
f 492/419/462 493/420/463 481/413/453
f 493/420/463 494/421/464 482/414/454
f 494/421/464 495/424/465 483/415/455
f 495/422/465 496/423/205 484/94/193
f 496/423/205 497/434/466 485/107/456
f 497/424/466 498/421/467 486/414/457
f 498/421/467 499/420/468 487/413/458
f 499/420/468 500/419/469 488/416/459
f 488/416/459 500/419/469 501/418/470
f 501/425/470 490/426/211 478/86/199
f 490/426/211 502/725/223 503/427/471
f 503/428/471 504/440/472 492/419/462
f 492/419/462 504/440/472 505/429/473
f 493/420/463 505/429/473 506/430/474
f 494/421/464 506/430/474 507/431/475
f 507/432/475 508/433/217 496/423/205
f 508/433/217 509/726/476 497/434/466
f 509/431/476 510/430/477 498/421/467
f 510/430/477 511/429/478 499/420/468
f 511/429/478 512/440/479 500/419/469
f 500/419/469 512/440/479 513/428/480
f 513/435/480 502/725/223 490/426/211
f 502/436/223 514/452/235 515/437/481
f 515/439/481 516/448/482 504/440/472
f 504/440/472 516/448/482 517/441/483
f 517/441/483 518/442/484 506/430/474
f 518/442/484 519/457/485 507/431/475
f 519/443/485 520/446/229 508/444/217
f 520/446/229 521/460/486 509/447/476
f 509/431/476 521/457/486 522/442/487
f 510/430/477 522/442/487 523/441/488
f 523/441/488 524/448/489 512/440/479
f 524/448/489 525/439/490 513/428/480
f 525/449/490 514/452/235 502/436/223
f 526/451/247 527/463/491 515/437/481
f 527/453/491 528/454/492 516/448/482
f 528/454/492 529/455/493 517/441/483
f 529/455/493 530/456/494 518/442/484
f 530/456/494 531/467/495 519/457/485
f 531/458/495 532/459/241 520/446/229
f 532/459/241 533/470/496 521/460/486
f 521/457/486 533/467/496 534/456/497
f 534/456/497 535/455/498 523/441/488
f 535/455/498 536/454/499 524/448/489
f 524/448/489 536/454/499 537/453/500
f 537/461/500 526/451/247 514/452/235
f 538/462/259 539/475/501 527/463/491
f 539/464/501 540/472/502 528/454/492
f 528/454/492 540/472/502 541/465/503
f 541/465/503 542/466/504 530/456/494
f 542/466/504 543/471/505 531/467/495
f 543/468/505 544/469/253 532/459/241
f 544/469/253 545/482/506 533/470/496
f 545/471/506 546/466/507 534/456/497
f 546/466/507 547/465/508 535/455/498
f 547/465/508 548/472/509 536/454/499
f 548/472/509 549/464/510 537/453/500
f 549/473/510 538/462/259 526/451/247
f 550/474/271 551/485/511 539/475/501
f 551/476/511 552/477/512 540/472/502
f 552/477/512 553/478/513 541/465/503
f 553/478/513 554/479/514 542/466/504
f 554/479/514 555/489/515 543/471/505
f 555/480/515 556/481/265 544/469/253
f 556/481/265 557/491/516 545/482/506
f 545/471/506 557/489/516 558/479/517
f 558/479/517 559/478/518 547/465/508
f 559/478/518 560/477/519 548/472/509
f 560/477/519 561/476/520 549/464/510
f 561/483/520 550/474/271 538/462/259
f 550/474/271 562/494/283 563/484/521
f 551/476/511 563/495/521 564/486/522
f 552/477/512 564/486/522 565/487/523
f 565/487/523 566/488/524 554/479/514
f 566/488/524 567/492/525 555/489/515
f 555/480/515 567/496/525 568/490/277
f 568/490/277 569/497/526 557/491/516
f 569/492/526 570/488/527 558/479/517
f 558/479/517 570/488/527 571/487/528
f 571/487/528 572/486/529 560/477/519
f 572/486/529 573/495/530 561/476/520
f 573/493/530 562/494/283 550/474/271
f 1/3/1 2/2/2 563/484/521
f 2/4/2 3/6/3 564/486/522
f 3/6/3 4/7/4 565/487/523
f 4/7/4 5/9/5 566/488/524
f 5/9/5 6/11/6 567/492/525
f 6/2/6 7/3/7 568/490/277
f 568/490/277 7/3/7 8/13/8
f 8/11/8 9/9/9 570/488/527
f 9/9/9 10/7/10 571/487/528
f 10/7/10 11/6/11 572/486/529
f 572/486/529 11/6/11 12/4/12
f 573/493/530 12/13/12 1/3/1
f 574/498/531 577/727/534 578/499/535
f 579/501/536 577/727/534 574/498/531
f 582/503/539 705/509/568 707/504/570
f 580/373/537 578/372/535 700/506/564
f 582/503/539 583/661/540 706/508/569
f 581/373/538 584/376/541 707/510/570
f 582/511/539 585/399/542 586/401/543
f 587/513/544 585/399/542 582/511/539
f 588/371/545 580/373/537 583/376/540
f 599/374/552 583/376/540 586/375/543
f 589/515/546 738/728/579 739/516/580
f 598/362/7 574/364/531 575/517/532
f 603/519/7 598/362/7 592/518/548
f 596/521/550 589/705/546 709/522/572
f 604/524/555 599/374/552 597/515/551
f 688/526/553 754/601/553 755/527/591
f 602/529/554 713/667/576 708/530/571
f 609/532/538 595/385/538 594/391/549
f 608/534/538 593/371/538 595/385/538
f 600/532/553 607/533/548 592/391/548
f 608/534/538 606/524/538 590/374/538
f 606/524/538 605/525/556 589/515/546
f 615/535/555 766/628/555 763/536/555
f 603/519/7 601/540/549 594/538/549
f 614/539/7 612/552/549 601/540/549
f 659/541/555 778/645/555 775/542/555
f 617/544/538 616/551/559 605/525/556
f 619/545/538 617/544/538 606/524/538
f 611/546/553 618/547/548 607/533/548
f 619/545/538 608/534/538 609/532/538
f 620/546/538 609/532/538 601/533/549
f 613/539/558 621/553/560 610/520/557
f 622/548/553 768/597/553 771/549/553
f 615/544/555 604/524/555 610/525/557
f 613/539/558 602/519/554 605/540/556
f 614/539/7 603/519/7 607/520/548
f 625/554/7 614/539/7 618/553/548
f 613/556/558 616/729/559 715/557/572
f 626/559/555 615/544/555 621/551/560
f 666/561/553 780/616/553 783/562/553
f 624/564/554 719/672/576 714/565/577
f 631/567/538 620/546/538 612/547/549
f 630/569/538 619/545/538 620/546/538
f 622/567/553 629/568/548 618/547/548
f 630/569/538 628/559/538 617/544/538
f 628/559/538 627/560/556 616/551/559
f 599/570/552 759/730/594 758/571/593
f 625/554/7 623/574/549 612/552/549
f 636/573/7 634/584/549 623/574/549
f 588/572/545 758/571/593 760/575/595
f 639/577/538 638/583/559 627/560/556
f 641/578/538 639/577/538 628/559/538
f 633/579/553 640/580/548 629/568/548
f 641/578/538 630/569/538 631/567/538
f 642/579/538 631/567/538 623/568/549
f 635/573/558 643/585/560 632/555/557
f 604/537/555 763/536/555 759/581/594
f 637/577/555 626/559/555 632/560/557
f 635/573/558 624/554/554 627/574/556
f 636/573/7 625/554/7 629/555/548
f 647/586/7 636/573/7 640/585/548
f 649/588/556 720/679/577 721/589/572
f 648/590/555 637/577/555 643/583/560
f 648/543/555 775/542/555 772/549/555
f 646/591/554 654/731/557 722/592/578
f 653/594/538 642/579/538 634/580/549
f 652/596/538 641/578/538 642/579/538
f 644/594/553 651/595/548 640/580/548
f 652/596/538 650/590/538 639/577/538
f 650/590/538 649/588/556 638/583/559
f 611/535/553 765/628/553 768/597/553
f 647/586/7 645/599/549 634/584/549
f 658/598/7 656/607/549 645/599/549
f 443/600/420 756/732/592 757/601/555
f 661/602/538 660/606/559 649/588/556
f 663/603/538 661/602/538 650/590/538
f 655/604/553 662/605/548 651/595/548
f 663/603/538 652/596/538 653/594/538
f 664/604/538 653/594/538 645/595/549
f 657/598/561 665/608/560 654/587/557
f 692/526/555 757/601/555 784/562/555
f 659/602/555 648/590/555 654/588/557
f 657/598/561 646/586/554 649/599/556
f 658/598/7 647/586/7 651/587/548
f 669/609/7 658/598/7 662/608/548
f 668/611/554 731/689/576 726/612/571
f 670/614/555 659/602/555 665/606/560
f 655/541/553 777/645/553 780/616/553
f 671/615/556 726/685/571 727/617/572
f 675/618/538 664/604/538 656/605/549
f 674/620/538 663/603/538 664/604/538
f 666/618/553 673/619/548 662/605/548
f 674/620/538 672/614/538 661/602/538
f 672/614/538 671/615/556 660/606/559
f 432/143/410 753/649/590 756/621/592
f 669/609/7 667/623/549 656/607/549
f 680/622/7 678/630/549 667/623/549
f 637/550/555 772/549/555 769/597/555
f 683/624/538 682/629/559 671/615/556
f 685/625/538 683/624/538 672/614/538
f 677/626/553 684/627/548 673/619/548
f 685/625/538 674/620/538 675/618/538
f 686/626/538 675/618/538 667/619/549
f 679/622/561 687/631/560 676/610/557
f 600/537/553 762/536/553 765/628/553
f 681/624/555 670/614/555 676/615/557
f 679/622/561 668/609/554 671/623/556
f 680/622/7 669/609/7 673/610/548
f 691/632/7 680/622/7 684/631/548
f 679/634/561 682/733/559 733/635/572
f 692/637/555 681/624/555 687/629/560
f 681/563/555 784/562/555 781/616/555
f 690/639/562 737/694/576 732/640/571
f 697/642/538 686/626/538 678/627/549
f 696/644/538 685/625/538 686/626/538
f 688/642/553 695/643/548 684/627/548
f 696/644/538 694/637/538 683/624/538
f 694/637/538 693/638/538 682/629/559
f 644/543/553 774/542/553 777/645/553
f 691/632/7 689/647/549 678/630/549
f 409/646/389 420/734/399 689/647/549
f 421/648/400 755/735/591 753/649/590
f 453/387/429 465/392/440 693/638/538
f 442/377/419 453/387/429 694/637/538
f 421/378/400 410/354/390 695/643/548
f 442/377/419 696/644/538 697/642/538
f 431/378/409 697/642/538 689/643/549
f 698/638/537 751/717/574 748/650/588
f 626/548/555 769/597/555 766/628/555
f 443/387/420 692/637/555 698/638/537
f 690/639/562 693/641/538 750/651/572
f 409/646/389 691/632/7 695/633/548
f 702/654/151 703/659/566 700/655/564
f 701/657/565 704/660/567 702/654/151
f 705/658/568 706/570/569 703/659/566
f 704/660/567 707/736/570 705/658/568
f 580/373/537 703/507/566 706/510/569
f 577/503/534 699/509/563 700/508/564
f 581/373/538 704/507/567 701/506/565
f 577/503/534 579/505/536 701/504/565
f 713/519/576 712/362/575 709/538/572
f 713/519/576 710/520/573 711/518/574
f 597/515/551 711/665/574 710/662/573
f 596/521/550 712/523/575 711/663/574
f 605/525/556 708/662/571 709/665/572
f 602/529/554 610/737/557 710/666/573
f 719/554/576 718/539/575 715/552/572
f 719/554/576 716/555/578 717/553/574
f 621/551/560 717/673/574 716/668/578
f 613/556/558 718/558/575 717/669/574
f 624/564/554 632/738/557 716/671/578
f 627/560/556 714/668/577 715/673/572
f 725/586/576 724/573/575 721/584/572
f 725/586/576 722/587/578 723/585/574
f 646/591/554 725/593/576 720/674/577
f 635/676/558 638/739/559 721/677/572
f 654/588/557 643/583/560 723/589/574
f 635/676/558 724/678/575 723/680/574
f 731/609/576 730/598/575 727/607/572
f 731/609/576 728/610/573 729/608/574
f 657/682/561 660/740/559 727/683/572
f 676/615/557 665/606/560 729/617/574
f 657/682/561 730/684/575 729/686/574
f 668/611/554 676/741/557 728/688/573
f 737/632/576 736/622/575 733/630/572
f 737/632/576 734/633/573 735/631/574
f 687/629/560 735/695/574 734/690/573
f 679/634/561 736/636/575 735/691/574
f 690/639/562 698/716/537 734/693/573
f 693/638/538 732/690/571 733/695/572
f 741/696/582 740/742/581 739/697/580
f 585/399/542 587/513/544 739/699/580
f 585/701/542 740/743/581 741/702/582
f 596/521/550 741/744/582 738/704/579
f 745/706/586 742/745/583 743/707/584
f 596/521/550 597/664/551 742/709/583
f 586/375/543 743/746/584 742/711/583
f 596/703/550 745/747/586 744/712/585
f 747/713/587 748/748/588 751/633/574
f 747/713/587 746/632/575 750/647/572
f 690/639/562 746/652/575 751/715/574
f 465/392/440 749/650/589 750/717/572
f 454/403/430 455/402/431 748/718/588
f 454/403/430 747/719/587 749/720/589
f 761/534/537 758/371/593 759/374/594
f 761/534/537 762/532/553 760/385/595
f 764/545/537 765/546/553 762/532/553
f 764/545/537 761/534/537 763/524/555
f 767/569/537 764/545/537 766/544/555
f 767/569/537 768/567/553 765/546/553
f 770/578/537 771/579/553 768/567/553
f 770/578/537 767/569/537 769/559/555
f 773/596/537 770/578/537 772/577/555
f 773/596/537 774/594/553 771/579/553
f 776/603/537 777/604/553 774/594/553
f 776/603/537 773/596/537 775/590/555
f 779/620/537 776/603/537 778/602/555
f 779/620/537 780/618/553 777/604/553
f 782/625/537 783/626/553 780/618/553
f 782/625/537 779/620/537 781/614/555
f 752/644/537 782/625/537 784/624/555
f 752/644/537 754/642/553 783/626/553
f 753/377/590 755/378/591 754/642/553
f 753/377/590 752/644/537 757/637/555
f 677/563/553 783/562/553 754/601/553
f 633/550/553 771/549/553 774/542/553
f 670/561/555 781/616/555 778/645/555
f 591/582/547 760/581/595 762/536/553
